track,artist,album
Village of the Damned,Piroshka,Brickbat
VENI VIDI VICI,ZICO,Gallery
Bootleg (Dont need your help),Death Grips,Government Plates
MAN - Super Smash Bros. 3DS,PAC,Nintendo Wii U & 3DS Collection
E.T,Heize,She's Fine
Gang Shit,Marlon Craft,Funhouse Mirror
stayin alive but beats 2 and 4 are swapped [CC],Adam Emond,stayin alive but beats 2 and 4 are swapped [CC]
Scarface,Freddie Gibbs,Piñata
Family Feud,JAY-Z,Hell On Heels
The Greatest Pac-Man Victory In History,Aesop Rock,Bazooka Tooth
Bad Reputation - Subscriber Accolade!,Joan Jett,Bad Reputation - Subscriber Accolade!
Party All Night Until 10 P.M.,Don’t Stop or We’ll Die,Dazzle Me
Pow Pow,Elris,Color Crush
Negro Spiritual (feat. JPEGMAFIA),Danny Brown,Negro Spiritual (feat. JPEGMAFIA)
Theme Song,Danny Brown,uknowhatimsayin¿
Never Enough,Piroshka,Brickbat
Post Verified Lifestyle,JPEGMAFIA,All My Heroes Are Cornballs
Under The Sun,Dreamville,Revenge Of The Dreamers III
Cuz I Love You,Lizzo,Cuz I Love You
Good Ass Intro,Chance The Rapper,Acid Rap
謝罪会見,DOTAMA,悪役
around the world,m.o.v.e.,around the world
Boss,Little Simz,GREY Area
Pneumonia,Danny Brown,Atrocity Exhibition
Vaudeville Villain,MF DOOM,Vaudeville Villain
Till Then,The Frightnrs,Nothing More to Say
Level 100,Lingua Nada,# 100 Ocean Sounds
None Shall Pass,Aesop Rock,None Shall Pass
Season 2 Episode 11 - Jenny Lewis,Weeds Intro,Season 2 Episode 11 - Jenny Lewis
All Right,Red Velvet,The Perfect Red Velvet - The 2nd Album Repackage
Angel Flavors Present (Angel Gifts),Katamari Damacy OST,Angel Flavors Present (Angel Gifts)
N.Y. State of Mind,Nas,Illmatic XX
Rodeo,Lil Nas X,7 EP
I Like It Like That,Pete Rodriguez,I Like It Like That
Gong Xi Fa Cai,Higher Brothers,Five Stars
FLAVA WAVE,The 485s,Flava Wave
Got To Give It Up,Marvin Gaye,Every Great Motown Hit Of Marvin Gaye
바람 wind,Heize,"Fall, Once again - The 2nd Mini Album"
Fashion Week (Instrumentals) - Runway N,Death Grips,Fashion Week (Instrumentals) - Runway N
Paranoid Joy,The Murlocs,Loopholes
Squealer,Ty Segall,Emotional Mugger
Rapp Snitch Knishes feat. Mr. Fantastik,MF DOOM,MM...FOOD
Klutz,Aesop Rock,Klutz
Love Fuzz,Ty Segall,Love Fuzz
Missing,Beck,Guero
Open It Up,Higher Brothers,Five Stars
What a Man,Linda Lyndell,"The Complete Stax / Volt Soul Singles, Vol. 2: 1968-1971"
Turn It Up,Ugly Duckling,Taste The Secret
Albino trois-quarts,Les Trois Accords,Beaucoup de plaisir
FOOL,NCT 127,NCT #127 WE ARE SUPERHUMAN - The 4th Mini Album
Final Form,Sampa the Great,The Return
"Really Doe ft. Kendrick Lamar, Ab - Soul, Earl Sweatshirt",Danny Brown,"Really Doe ft. Kendrick Lamar, Ab - Soul, Earl Sweatshirt"
Miami,Cate Le Bon,Reward
Green Light Now Begin,bethtom2,Blazing Arrow
I'm Best Friends With My Own Front Door,Bill Wurtz,I'm Best Friends With My Own Front Door
Montego Bae,Noname,Room 25
Churro,Malibu Ken,Malibu Ken
Czysty sampling ft. Młody Heavy Mental,The Returners,Czysty sampling ft. Młody Heavy Mental
Woodstock's Dream,Vince Guaraldi,Live at Woodstock
Sofa King (Danger Mouse Remix),Danger Doom,The Mouse & The Mask
Being Myself,Beenzino,12
Crown,Angel Haze,Dirty Gold (Deluxe)
Nice Day (Russian),Persephone's Bees,Notes From The Underworld
This Thing,King Gizzard & The Lizard Wizard,Fishing For Fishies
Good As Hell,Lizzo,Good as Hell
Carpool,Red Velvet,‘The ReVe Festival’ Day 2
Cardiacs,R.E.S,The Sewer-Side Kings
Red Barron,Vince Guaraldi,Oh Good Grief
Welcome to Hollywood by Gerry Rafferty,Rosemary Strickland-Cantali,Welcome to Hollywood by Gerry Rafferty
Buzz,Psychedelic Porn Crumpets,"High Visceral, Pt. 2"
Germs,JPEGMAFIA,Veteran
Regular (English Ver.),NCT 127 엔시티 127,Regular (English Ver.)
Norman fucking Rockwell,Lana Del Rey,Norman Fucking Rockwell!
PTSD,JPEGMAFIA,All My Heroes Are Cornballs
Superbug,King Gizzard & The Lizard Wizard,Infest The Rats' Nest
Not Yours,Antarctigo Vespucci,Love in the Time of E-Mail
たりないふたり,Creepy Nuts,たりないふたり
Tarova,Snarky Puppy,Culcha Vulcha
Silicone Gel Implant,Matmos,Plastic Anniversary
Tijuana Taxi,Herb Alpert,!!!Going Places!!!
Bridging the Gap,Nas,Street's Disciple
"1, 2, 3, 4",Jérôme 50,La hiérarchill
Neutral Slam Hotel - IAN DECKER,Smash Grips,Neutral Slam Hotel - IAN DECKER
ESSKEETIT,Lil Pump,Esskeetit
Big Ship,Cardiacs,Aladdin (Original Motion Picture Soundtrack)
Class War,Ty Segall,Fudge Sandwich
Big Smoke,MIKE,Tears of Joy
Breukelen “Brooklyn” ft. Smif - N - Wessun,Masta Ace & Marco Polo,Breukelen “Brooklyn” ft. Smif - N - Wessun
Clout,Offset,FATHER OF 4
Every Day Swan,Royal Trux,White Stuff
Come Get It Bae,Pharrell Williams,G I R L
Dumb Dumb,Red Velvet 레드벨벳,The Red - The 1st Album
Known for it,Death Grips,Kill It Live
@DeathGripz,Death Grips,@DeathGripz
Sludge,Vivian Girls,Memory
That Old Nu-Nu,Tobi Lou,Live on Ice
Finger,Ty Segall,Melted
Walk On By,Logic,Drunk
No Flex,TMG,Locals Only
Say the Word,Chely Wright,Say the Word
Down Under,Men at Work,The Best Of Men At Work: Contraband
Fashion Week (Instrumentals) - Runway T,Death Grips,Fashion Week (Instrumentals) - Runway T
Giant Steps,John Coltrane,Giant Steps (Deluxe Edition)
Jungle Fever (feat. Angel Haze),Kool A.D.,Reservation
Alright,Kendrick Lamar,To Pimp A Butterfly
Bam Bam,The Maytals,Reggae Summer
Sugar Pop,WJSN,SPECIAL ALBUM <For the Summer>
Dream Sweet in Sea Major,ミラクルミュージカル,Hawaii: Part II
January (Feat. YDG),Beenzino,12
I Wish,Skee-Lo,I Wish
Morbid Stuff,PUP,Morbid Stuff
Believe In Me,sloanmusic,Surround Me - EP
Hell For It,Danny Brown,Atrocity Exhibition
Jawbreaker (ft. Rico Nasty & Pro Teens),Injury Reserve,Jawbreaker (ft. Rico Nasty & Pro Teens)
Suddenly I See,KT Tunstall,Eye To The Telescope
 Generation-Oh!GG 소녀시대-Oh!GG 몰랐니 (Lil Touch),Girls, Generation-Oh!GG 소녀시대-Oh!GG 몰랐니 (Lil Touch)
TERIYAKI GOD,TVFilthyFrank,TERIYAKI GOD
Queen's Night Out,Persephone's Bees,McQueen
idontwannabeyouanymore,Billie Eilish,dont smile at me
The Cave: Episode 3,KENNY BEATS & RICO NASTY FREESTYLE,The Cave: Episode 3
Tall Man Skinny Lady,Ty Segall,Manipulator
Drake Era,JPEGMAFIA,Black Ben Carson
Outside,Kero Kero Bonito,Time 'n' Place
Get Out (The Streetcar Song),Kemet the Phantom,The Invisible Man
Every 1's a Winner,Ty Segall,Freedom's Goblin
Attaboy,Red Velvet,Perfect Velvet - The 2nd Album
Livin On A Prayer,Bon Jovi,Slippery When Wet
My Girls,Animal Collective,Merriweather Post Pavilion
Boombaparang,Wordburglar,Rapplicable Skills
SEE YOU AGAIN featuring Kali Uchis,"Tyler, The Creator",SEE YOU AGAIN featuring Kali Uchis
Trippin,EarthGang,Mirrorland
Think of That,Diabolic,Collusion (Instrumentals)
44 Teenagers,Sloan,12
My Little Drum,Vince Guaraldi,A Charlie Brown Christmas [2012 Remastered & Expanded Edition]
El Hueso de María,Tito Rodriguez,El Doctor
Tree House,Annie Sama,Clear
Crush on You (feat. Lil' Cease),Lil' Kim,Not Tonight EP
고양이,MAMAMOO,Melting
Passin' Me By,The Pharcyde,Bizarre Ride II The Pharcyde
Sea Legs |,Run The Jewels,Run the Jewels
Won't Believe (feat. ScHoolboy Q),Higher Brothers,Won't Believe (feat. ScHoolboy Q)
Breakthrough,TWICE,Breakthrough
Head over Wheels II (An Ode to G Dep),Your Old Droog,Transportation
Fallin',Alicia Keys,Songs In A Minor (Expanded Edition)
late again.,stealers wheel,Stealers Wheel
Emblem,Colin Self,Siblings
Panic Emoji,JPEGMAFIA,Veteran
Cataracts,Freddie Gibbs,Bandana
Olympic Fanfare and Theme (The OriginalRecording),John Williams,Olympic Fanfare and Theme (The OriginalRecording)
Magic In The Air ft. Chawki,MAGIC SYSTEM,Magic In The Air ft. Chawki
Elevator Operator,Courtney Barnett,"Sometimes I Sit and Think, and Sometimes I Just Sit"
Crime Pays,Freddie Gibbs,Bandana
Corn Maze,Aesop Rock & TOBACCO are Malibu Ken,Malibu Ken
Human Om,Tobacco,Sweatbox Dynasty
Gunshowers,Ghostface Killah,Sour Soul
All This Money,Injury Reserve,Floss
Mooo!,Doja Cat,Amala (Deluxe Version)
Jesus Is The One (I Got Depression),Zack Fox,Jesus Is The One (I Got Depression)
Break,Beenzino,12
DAB DAB,MAMAMOO,MEMORY
알 수 없는 비밀(Sonatine),이달의 소녀 1/3 (LOONA 1/3),알 수 없는 비밀(Sonatine)
The Thinker,Psychedelic Porn Crumpets,High Visceral (B-Sides)
Ladies Night,Red Velvet,‘The ReVe Festival’ Day 2
Banana Clipper (ft. Big Boi) |,Run The Jewels,Banana Clipper (ft. Big Boi) |
Like A Girl,Lizzo,Cuz I Love You
Umpah Umpah,Red Velvet,‘The ReVe Festival’ Day 2
Celebrate,Pitbull,Globalization
첫 사랑니 (Rum Pum Pum Pum),f(x) 에프엑스,The 2nd Album 'Pink Tape'
Ergophobia,Psychedelic Porn Crumpets,"High Visceral, Pt. 2"
Prayer Song,Noname,Room 25
"Long Road, No Turns",Daughters,You Won't Get What You Want
Combination Pizza Hut And Taco Bell,Das Racist,Combination Pizza Hut And Taco Bell
Death Grips 2.0,Death Grips,The Powers That B
Oh Boy,Red Velvet,The Red - The 1st Album
Motorlicker,Tobacco,Maniac Meat
Walk Man,TMG,Walk Man
Saliva,MF DOOM,Vaudeville Villain
Mind Attack,Bear Driver,4 X 12 Volume 2
COCAINE FREESTYLE (The Cave),FREDDIE GIBBS & KENNY BEATS,COCAINE FREESTYLE (The Cave)
Tokyo Bon 東京盆踊り2020 (MakuDonarudo) Namewee 黃明志 ft.Cool Japan TV @亞洲通吃2018專輯 All Eat Asia,Namewee,Tokyo Bon 東京盆踊り2020 (MakuDonarudo) Namewee 黃明志 ft.Cool Japan TV @亞洲通吃2018專輯 All Eat Asia
I Don't Mind,Beenzino,12
THUNDERCAT - Tron Song I $5Ks,Eric Andre,THUNDERCAT - Tron Song I $5Ks
Stockton,Death Grips,No Love Deep Web
The Influence (HD),Jurassic 5,The Influence (HD)
Tia Tamera ft. Rico Nasty,Doja Cat,Tia Tamera ft. Rico Nasty
CRUSH,2NE1,CRUSH
Massive Blood Loss into Scab,Lighght,The Skin Falls Off the Body
Shade,iri,Shade
El Chupa Nibre,Danger Doom,The Mouse & The Mask
Offence,Little Simz,GREY Area
HA//KENDRICK LAMAR - Take on Backseat  (n04h,OFFICIAL: A,HA//KENDRICK LAMAR - Take on Backseat  (n04h
Absentee,Cass McCombs,Tip of the Sphere
Show Girls,Girls' Generation,Lion Heart - The 5th Album
GTFU,Injury Reserve,Injury Reserve
Heart Attack,이달의 소녀/츄 (LOONA/Chuu),Demi
Uptown Dance,Nelson Riddle,Communication
Entropy,Psychedelic Porn Crumpets,"High Visceral, Pt. 1"
Everlastingly Yours,Piroshka,Brickbat
Where Does The Time Go (feat. Joji),Rich Brian,The Sailor
High Score Zed,Eric Copeland,"Trogg Modal, Vol. 2"
Pepsi Man Theme Song (ORIGINAL),Furizu,Pepsi Man Theme Song (ORIGINAL)
Meanwhile... at the Welcome Break,The S.L.P.,THE S.L.P.
Judgement Train,Rustin' Man,Drift Code
Jurass Finish First,Jurassic 5,Quality Control
Love Is The Way,Red Velvet,‘The ReVe Festival’ Day 2
Hurry Up,WJSN,WJ PLEASE?
Bus Money,THE CHATS,Get This In Ya
"Butterss's (feat. Jeff Parker, Anna Butterss, Josh Johnson, Carlos Niño, Miguel Atwood-Ferguson)",Makaya McCraven,Universal Beings
White Bronco,Action Bronson,White Bronco
Ducky boy,Jurassic 5,J 5 (Deluxe Edition)
Real’s Not Real,King Gizzard & The Lizard Wizard,Fishing For Fishies
09 想い出す- 5lack,stiwillone,09 想い出す- 5lack
Small Talk,Various Artists,DATYRP Records Presents: Before Things Get out of Control
Giving Bad People Good Ideas,Death Grips,Bottomless Pit
I Want it I need it (Death Heated),Death Grips,I Want it I need it (Death Heated)
물들어 COLORING,fromis_9,물들어 COLORING
Fuck That,Death Grips,The Money Store
Less Sex,Daughters,You Won't Get What You Want
Obsession,Brown Eyed Girls,BASIC
On The Run,Saukrates,Season One
Livin It Up (Friday Night),Bell & James,"Backing Tracks / Pop Artists Index, B, (Belinda & Pitbull / Belinda Carlisle / Bell & James / Bellamy Brothers / Belle & Sebastian / Belle Stars), Vol. 22"
Loopholes,The Murlocs,Loopholes
I Get By,Stealers Wheel,Stealers Wheel
Electric Pow Wow Drum,A Tribe Called Red,A Tribe Called Red
Wax On,Injury Reserve,Injury Reserve
I Kill People,JonLajoie,I Kill People
Fatal Fury,JPEGMAFIA,Forever in Development
Warm Hands,Ty Segall,Deforming Lobes
P - The Full Retard,El,P - The Full Retard
Don't Go,Guster,SKINS
Melancholy Blues_Louis Armstrong and his Hot Seven,Voyager's Golden Record,Melancholy Blues_Louis Armstrong and his Hot Seven
Get Outlined,Black Thought,Streams of Thought Vol.2
Phone Numbers,Dominic Fike,Phone Numbers
Opening Credits Theme Song [HD] | Netflix,BoJack Horseman,Opening Credits Theme Song [HD] | Netflix
A Side Wins,Sloan,One Chord to Another
Feels like a wheel,Death Grips,Government Plates
Faucet Failure,Ski Mask the Slump God,STOKELEY
I Should Have Known Better,The Beatles,A Hard Day's Night (Remastered)
Hey,Jurassic 5,Power In Numbers
The Rest Of My Life,Sloan,Action Pact
Kon Karne,MF DOOM,MM...FOOD
AKB48[公式],【MV full】 恋するフォーチュンクッキー,AKB48[公式]
Sand Dunes,Epic Beard Men,This Was Supposed to Be Fun
Cousin Mary,John Coltrane,Giant Steps (Deluxe Edition)
MONG,Various Artists,Hải Âu - Hòa tấu 59
Garnet Crow- (忘れ咲き)Wasurezaki,Adib Sy,Garnet Crow- (忘れ咲き)Wasurezaki
Acid King,Aesop Rock & TOBACCO are Malibu Ken,Hail to the King
Arabic Gum,MF DOOM,"Metal Fingers Presents: Special Herbs, The Box Set Vol. 0 - 9"
Maso Ye'eme,Cochemea,All My Relations
Power Up,Red Velvet,Summer Magic - Summer Mini Album
Crime Scene,OH MY GIRL,THE FIFTH SEASON
Hank Williams,Pottery,No. 1
Sword Box,Malibu Ken,Malibu Ken
Therapy,Little Simz,GREY Area
Drug Dealer,Slowthai,Nothing Great About Britain
Rhymes Like Dimes,MF DOOM,Operation: Doomsday (Complete)
When I'm Sixty-Four (Take 2),The Beatles,Sgt. Pepper's Lonely Hearts Club Band (Deluxe Edition)
SUPER CAR *SOLO RAP* (Color Coded HAN_ENG),MARK LEE (SuperM),SUPER CAR *SOLO RAP* (Color Coded HAN_ENG)
Goin' Truuu,MIKE,Tears of Joy
The Ride Of Your Life,Gift Of Gab,Fourth Dimensional Rocketships Going Up
Season 3 Episode 02 - Angelique Kidjo,Weeds Intro,Season 3 Episode 02 - Angelique Kidjo
Oh Hail No (feat. Mr. Motherfucking Exquire & Danny Brown),El-P,Cancer 4 Cure
I Only Have Eyes For You,Beck,Flamingo Serenade
Amazing ft. Lakutis,Das Racist,Amazing ft. Lakutis
Quebec Love - Ordinaire,Robert Charlebois,Quebec Love - Ordinaire
Don't Get Me Wrong,Stealers Wheel,Rolls Bayce
The Cheese,Your Old Droog,Transportation
BoJack's Theme,Patrick Carney,BoJack Horseman - Main Theme (Piano Rendition)
Earth Angel (Androgynous Mind),Death Grips,Earth Angel (Androgynous Mind)
Hickory (feat. Talib Kweli & Boots Riley),Kool A.D.,Hickory (feat. Talib Kweli & Boots Riley)
November,Psychedelic Porn Crumpets,"High Visceral, Pt. 2"
Abracadabra,Brown Eyed Girls,3집 Sound G.
Spun Gun,The Murlocs,Manic Candid Episode
Bad Days Are Over (feat. Atmosphere),Dem Atlas,Bad Days Are Over (feat. Atmosphere)
Air (Abstract Orchestra Remix) (feat. MF DOOM),Dabrye,Air (Abstract Orchestra Remix) (feat. MF DOOM)
"Sitting, Waiting, Wishing",Jack Johnson,In Between Dreams
apache,link wray,Apache
"아재개그 AGE GAG (Narr. 김대희 Kim Daehee, 김준호 Kim Junho)",MAMAMOO,"아재개그 AGE GAG (Narr. 김대희 Kim Daehee, 김준호 Kim Junho)"
Cry Baby Cry (Remastered,The Beatles,The Beatles (Remastered)
Fuck a Bitch,The Bug,Angels & Devils
Hell,King Gizzard & The Lizard Wizard,Infest The Rats' Nest
still feel.,half·alive,Woodstock
"Profile (Feat. The Quiett, Dok2)",Beenzino,"Profile (Feat. The Quiett, Dok2)"
A Journey to (S) hell,Mild High Club,Sketches of Brunswick East
먹구름 Dark Clouds (Feat. Nafla),Heize,먹구름 Dark Clouds (Feat. Nafla)
"Ouvre tes yeux, Simon!",LES TROIS ACCORDS,Beaucoup de plaisir
A Little Samba,Ugly Duckling,Journey To Anywhere
WHATSGOOD,"Tyler, The Creator",Alleen Maar Gezeik
Monopoly,Danny Brown,XXX (Deluxe Edition)
Oh Boy,Red Velvet,The Red - The 1st Album
Dont Get Captured,Run The Jewels,Run the Jewels 3
Time Travel,Beenzino,12
The Bugs Are Really Bad Out Here ft. Chris Webby & Lily Frost,Spose,The Bugs Are Really Bad Out Here ft. Chris Webby & Lily Frost
Debbie Downer,Courtney Barnett,"Sometimes I Sit and Think, and Sometimes I Just Sit"
Something New,TAEYEON,Something New - The 3rd Mini Album
Glasses (안경),IU,그대여 이제 With Me
Love Hate Interlude,Marlon Craft,Funhouse Mirror
Paper Chase,KANDYTOWN,Picture This
레시피,Brown Eyed Girls,Black Box
You Think You Know,JPEGMAFIA,Black Ben Carson
What About Me? (We Like It Here),Snarky Puppy,We Like It Here
Vendetta,Brown Eyed Girls,SIXTH SENSE
Flowers,Little Simz,GREY Area
Sweatpants ft. Problem,Childish Gambino,Sweatpants ft. Problem
and the day goes on,bill wurtz,And the Day Goes On
Coffee (Main),Aesop Rock,"Coffee 12"""
Top Ramen,Pink Guy,DIE FOR MY BITCH
Osez Joséphine,Alain Bashung,Osez Josephine
I just found 12 bricks @youfunnyb,ItskayMC,I just found 12 bricks @youfunnyb
Take You Out At The Ball Game,El-P,Weareallgoingtoburninhellmegamixxx3
Courtney Barnett,History Eraser,Sunday Morning
Professional Rapper (ft. Snoop Dogg),Lil Dicky,Professional Rapper (ft. Snoop Dogg)
우리끼리,MAMAMOO,우리끼리
Jonathan,Hail Mary Mallon,Bestiary (Bonus Track Version)
MCpero,SKIP,MCpero
Where Are We Going? (Alternate Mix),Marvin Gaye,You're The Man
Bad Idea (feat. Chance the Rapper),YBN Cordae,The Lost Boy
Jackson Pollock D*ick [Mini Album - Up All Night],Beenzino (빈지노),Jackson Pollock D*ick [Mini Album - Up All Night]
WANT IT?,Itzy,IT'z Different
Just A Stranger ft. Steve Lacy,Kali Uchis,Just A Stranger ft. Steve Lacy
Talkin' My Shit,Quin NFN,Talkin' My Shit
ANTI (Feat. G.Soul),ZICO,Television
Leisureforce,Aesop Rock,Skelethon [Deluxe Version]
Echo,Swizz Beatz,POISON
Amen Brother,The Winstons,Color Him Father
Rosie,DJ Shadow,Our Pathetic Age
"Hark, The Herald Angels Sing",Vince Guaraldi,A Charlie Brown Christmas [2012 Remastered & Expanded Edition]
The Crawler,Ty Segall,Deforming Lobes
Slow Down,bill wurtz,Slow Down
Firmament,Deca,Flux
Here I Am (Come and Take Me),Al Green,Call Me
WHAT'S GOOD,"Tyler, The Creator",Good Light
Stupid Cupid,Red Velvet,The 1st Mini Album‘Ice Cream Cake’
Search Warden,Tornado Rider,Jark Matter
All My Heroes Are Cornballs,JPEGMAFIA,All My Heroes Are Cornballs
Cameroon,Matuto,Africa Suite
PORN TITLE RAP,TVFilthyFrank,PORN TITLE RAP
Steal My Sunshine,LEN,You Can't Stop The Bum Rush
The Continuing Story Of Bungalow Bill (Remastered,The Beatles,The Beatles (Remastered)
Twiggy Twiggy  [Twiggy vs. James Bond],Pizzicato Five,Twiggy Twiggy  [Twiggy vs. James Bond]
Boombastic,Shaggy,Boombastic
The Less I Hear the Better,Tame Grips,The Less I Hear the Better
West Coast,Homeboy Sandman,West Coast
A BOY IS A GUN*,"Tyler, The Creator",IGOR
Takyon Boy,James Logue,Takyon Boy
Grown Up,Danny Brown,Grown Up
Bad Kids To The Back,Snarky Puppy,Immigrance
Too Fast (잘가) (Feat. Paloalto),Loco,Too Fast (잘가) (Feat. Paloalto)
The Answer Was You,Sloan,The Double Cross
썸(You'll Be Mine),NATURE(네이처),썸(You'll Be Mine)
Digital Hunger,Psychedelic Porn Crumpets,And Now for the Whatchamacallit
the Moon is made of Cheese (but i can't taste it),bill wurtz,The Moon Is Made of Cheese (But I Can't Taste It)
1+1=13,Malibu Ken,Malibu Ken
Monthly,Your Old Droog,Transportation
Sunrise,Pedro The Lion,Phoenix
The Other Man,Sloan,Pretty Together
Underwhelmed,Sloan,Smeared
OOPSIE (My Bad),Various Artists,NATURE WORLD: CODE A
E·mo·tion,Carly Rae Jepsen,E·mo·tion
Touch The Sky (MTV Version) ft. Lupe Fiasco,Kanye West,Touch The Sky (MTV Version) ft. Lupe Fiasco
Gotta Understand - Feedback,Jurassic 5,Feedback
Fantasy Trash Wave,Tobacco,Sweatbox Dynasty
Queens Get The Money (Edited),Nas,Untitled
The New Grit,Black Thought,Streams of Thought Vol.2
Wheres it at (Death Heated),Death Grips,Wheres it at (Death Heated)
MACINTOSH PLUS,LORD OF 420 DEATH GRIPS,Pressed Pills
Go with the Flow,MF DOOM,Operation: Doomsday (Complete)
Blood Creepin,Death Grips,CREEPIN ON AH COME UP
Run The Jewels |,Run The Jewels,Run the Jewels
Useful Information,Purling Hiss,Useful Information
Simon Phoenix,Diabolic,Collusion
Alive,Kemba,Gilda
Fugue #7777,Katamari Damacy OST,Fugue #7777
"Born Hater ft. Beenzino, Verbal Jint, B.I, Mino, Bobby",EPIK HIGH,"Born Hater ft. Beenzino, Verbal Jint, B.I, Mino, Bobby"
Plastic Boogie,King Gizzard & The Lizard Wizard,Fishing For Fishies
Jazz In My,Samuel Seo,UNITY
Tout le monde capote,LES TROIS ACCORDS,Beaucoup de plaisir
Low Rider,Ty Segall,Fudge Sandwich
City Looks Pretty,Courtney Barnett,Tell Me How You Really Feel
Butterfly Doors,Lil Pump,Butterfly Doors
Time Today,Kero Kero Bonito,Time 'n' Place
Poser Killer,Death Grips,LOVE THE LIFE YOU LIVE LIVE THE LIFE YOU LOVE
Big Bag,"Tyler, The Creator",Music Inspired by Illumination & Dr. Seuss' The Grinch
Social Candy,Psychedelic Porn Crumpets,And Now for the Whatchamacallit
Gerry Rafferty- out the blue (Over My Head,budcritchlow,Gerry Rafferty- out the blue (Over My Head
The Last Samba,Katamari Damacy OST,This Kind of Love
An Encyclopedia,Milo,So The Flies Don't Come
Secrect Skin,Busdriver,RoadKill Overcoat
Relative,Rico Nasty,Anger Management
End Up Like This,Jurassic 5,Feedback
Voicemail,Antarctigo Vespucci,Love in the Time of E-Mail
Oh Shit!!!,Injury Reserve,Floss
Fool,Red Velvet,Russian Roulette - The 3rd Mini Album
Youve Got a Friend in Me,Tu As Trouvé Un Ami,Toy Story
When It Rain,Danny Brown,Atrocity Exhibition
Girl With The Gold Wrist,Injury Reserve,Floss
Once Again,Diabolic,Collusion
Blow Your Mind,(G)I-DLE,I made
Summer Madness (Feat. The Quiett),Beenzino,Summer Madness (Feat. The Quiett)
Warm Hole (웜홀),Brown Eyed Girls,Warm Hole (웜홀)
at the airport terminal,bill wurtz,At the Airport Terminal
When in Rome,Psychedelic Porn Crumpets,And Now for the Whatchamacallit
Yomilo,Milo,So The Flies Don't Come
The Goat God,Tornado Rider,Jark Matter
Taste,Ty Segall,First Taste
We Are Sex Bob-Omb (Fast),Nigel Godrich,Scott Pilgrim vs. the World (Original Score Composed by Nigel Godrich)
Nek,Psychedelic Porn Crumpets,"High Visceral, Pt. 2"
Vomitspit,MF DOOM,MM...FOOD
Ooh La La,The Wiseguys,The Antidote
Compensation,The Murlocs,Young Blindness
이유 No reason,Heize,이유 No reason
The Fever (Aye Aye),Death Grips,The Money Store
Dead Wrong (feat. Eminem),The Notorious B.I.G.,Greatest Hits (Explicit Version)
BELIEVE.,Haiiro De Rossi,Rappelle-toi
Go To Town,Doja Cat,Amala
Tokyo Melody - 45rpm,Helmut Zacharias Orchestra,Tokyo Melody - 45rpm
XXX,Danny Brown,XXX (Deluxe Edition)
ICY,ITZY,IT'z ICY
Lucky Girl,Red Velvet,Russian Roulette - The 3rd Mini Album
Rebel Girl,Bikini Kill,The Punk Singer (Original Motion Picture Soundtrack)
Up & Down,TAEYEON,Why - The 2nd Mini Album
Dirty Laundry,Danny Brown,uknowhatimsayin¿
Le Manque de Confiance en Soi,Robert Charlebois,Et Voilà
Ray Gun,Ghostface Killah,Sour Soul
Shrunk,Aesop Rock,The Impossible Kid
Shake Your Thang (It's Your Thing),Salt-N-Pepa,A Salt With A Deadly Pepa
Save Me Now,The Murlocs,Loopholes
Meat Grinder,Madvillain,Madvillainy
Notorious B.I.G. (feat. Lil' Kim and Puff Daddy),The Notorious B.I.G.,Greatest Hits (Explicit Version)
Need Me Now (feat. Guapdad,Higher Brothers,Five Stars
Cocoa Butter Kisses,Chance The Rapper,Acid Rap
Black Dice,Death Grips,No Love Deep Web
The Gentle End,L'Orange,The Life & Death of Scenery
Waiting,Deca,Forest Agates
My Friend's a Liquid,Psychedelic Porn Crumpets,And Now for the Whatchamacallit
Tuesday,Malibu Ken,Malibu Ken
christmas isn't real,bill wurtz,Christmas Isn't Real
Wintime,CHAI,PUNK
Nonstop (Remix),Squadie,Nonstop (Remix)
Kaleidoscope,BADBADNOTGOOD,III
Archangel Thunderbird,Ty Segall,Fudge Sandwich
Education,Freddie Gibbs,Bandana
Selfish,Little Simz,GREY Area
DOJA CAT & KENNY BEATS FREESTYLE (The Cave),Dexter Kamphorst,DOJA CAT & KENNY BEATS FREESTYLE (The Cave)
History,Mos Def,Head In The Clouds
Austin Powers in Goldmember- Dr Evil Jail Rap Hard Knock Life HD,Rohan,Austin Powers in Goldmember- Dr Evil Jail Rap Hard Knock Life HD
J'veux une benz (feat. Lary Kidd),Qualité Motel,J'veux une benz (feat. Lary Kidd)
Wounds,Little Simz,GREY Area
You Can Be Your Silhouette,Mild High Club,Sketches of Brunswick East
고향이,MAMAMOO,가수왕 디스코 잔치
Feels Like Summer,Childish Gambino,Summer Pack
Venusian 1,King Gizzard & The Lizard Wizard,Infest The Rats' Nest
Has It Come to This?,The Streets,Original Pirate Material
St. Stephen,Ty Segall,Fudge Sandwich
Frenesi,Eddie Osborn,Percussive Baldwin Organ and Bongos
Everything Will Turn Out Fine,Stealers Wheel,Moving Paradise
American Boy [ft. Kanye West],Estelle,Party Tyme Karaoke - R&B Female Hits 1
Blue Bell,Golden Daze,Simpatico
Africa,Weezer,Weezer (Teal Album)
Darts Is Not a Sport,Poldoore,Mosaic
Paradise,GFRIEND,GFRIEND The 7th Mini Album `FEVER SEASON`
Re: Animist,Milo,So The Flies Don't Come
Jumpin’,Red Velvet,‘The ReVe Festival’ Day 2
Bustin,Neil Cicierega,Bustin' Loose
Waltz (You Know It Makes Sense!),Stealers Wheel,Ferguslie Park
The Soup,Hail Mary Mallon,Bestiary (Bonus Track Version)
Six Degrees,Ghostface Killah,#3
Not Now,Facta,ANSIA003
Murder of the Universe,King Gizzard & The Lizard Wizard,Murder of the Universe
Body Talk,Red Velvet,Rookie - The 4th Mini Album
하하하 LOL,TAEYEON,하하하 LOL
Old Town Road,Lil Nas X,7 EP
Lausd - #375 - Essential Hip Hop Listens,Jurassic 5,Lausd - #375 - Essential Hip Hop Listens
Wanda Wanda,Katamari Damacy OST,After the Fire
Around You (다녀가요),LOOΠΔ,Around You (다녀가요)
Whatta Man (Good man),아이오아이 (I.O.I),Whatta Man (Good Man)
Chicken in The Corn,Brushy One String,Destiny
AALOW AALOW,LABOUM 3rd SINGLE ALBUM,Nutan Pran Daou
One and Only,ADELE,21
Le tueur (feat. Les pépites d'or),Joël Martel,Le tueur (feat. Les pépites d'or)
Ramona,Patrick Bruel,Entre Deux
Doo - Wop (That Thing),Lauryn Hill,The Miseducation of Lauryn Hill
Ibtihaj,Rapsody,Eve
?,MF DOOM,Best of Mf
Countin' Up,Rico Nasty,Nasty
Flux [Full Album],Deca,Flux [Full Album]
Freeze (꼼짝마),MOMOLAND,Freeze (꼼짝마)
Young Man (Sierra's Song),CeeLo Green,Cee-Lo Green And His Perfect Imperfections
Butterfly,LOOΠΔ,[X X]
Space Hos,Danger Doom,The Mouse & The Mask
Daily Agony,The Murlocs,Old Locomotive
Bing Bing,Red Velvet,‘The ReVe Festival’ Day 1
Cubensis Lenses,Psychedelic Porn Crumpets,"High Visceral, Pt. 1"
Extending The Plastisphere To GJ237b,Matmos,Plastic Anniversary
Deadass,Kemba,Deadass
Sitar Metal,Rob Scallon,Sitar Metal
Locomotive,Big Wreck,...but for the sun
Yellow (feat. Bekon),Rich Brian,The Sailor
Barito,Tito Rodriguez,The Best Of Tito Rodriguez Vol. 1
N - Pepa - Push It,Salt,Lucky Voice (Dance & Rock)
Back On My Feet Again,Stealers Wheel,Ferguslie Park
Fashion Week (Instrumentals) - Runway H,Death Grips,Fashion Week (Instrumentals) - Runway H
Thru the walls,Death Grips,Walls And Bridges
Zombie (feat. Rich Brian),Higher Brothers,Five Stars
X X,LOOΠΔ,[X X]
Children's Story,Slick Rick,The Constant (Deluxe Edition)
LOVE ME RIGHT,EXO,LOVE ME RIGHT - The 2nd Album Repackage
Casual Fiend,The Murlocs,The Murlocs
The Curtain,"Snarky Puppy, Metropole Orkest",Sylva
Wendigo,Deca x Neon Brown,Wendigo
Manu Dibango (funk/break beat),Soul Makossa,Manu Dibango (funk/break beat)
El Soul Condor,Certain Lions & Tigers,Quality in Sound
Ma blonde va changer le monde,Caravane,Supernova
THIS IS LOVE,SUPER JUNIOR 슈퍼주니어,THE 7th Album 'MAMACITA'
CLOUTIER avec Natasha Kanapé - Maman,ÉMILE PROULX,CLOUTIER avec Natasha Kanapé - Maman
Lost,Danny Brown,Atrocity Exhibition
What It's Like,Everlast,Whitey Ford Sings the Blues
Hagalo,MANDRILL,Composite Truth
2nd Foot Stomp,Clinic,Internal Wrangler
My Favorite Mutiny,The Coup,Pick A Bigger Weapon
"Oh, Good Grief",Vince Guaraldi,Peanuts Greatest Hits (Music From The TV Specials)
Red Dress,Red Velvet,The Red - The 1st Album
Hotline Spikes (Death Grips X Hotline Miami,Sewerslvt,Hotline Spikes (Death Grips X Hotline Miami
WINDY DAY,OH MY GIRL,WINDY DAY
And So,Boot Camp Click,So Much Fun
Wash Your Face In My Sink,Dream Warriors,And Now The Legacy Begins
Vacances,Oré,L'EP d'Oré
Manic Candid Episode,The Murlocs,Manic Candid Episode
Chet Boghassa,Tinariwen,Amassakoul
Little Moon,Psychedelic Porn Crumpets,High Visceral (B-Sides)
JPEGMAFIA TYPE BEAT,JPEGMAFIA,All My Heroes Are Cornballs
Défaite de famille,Orelsan,La fête est finie
Different Kind Of Love,Adia Victoria,Silences
Mama Said Knock You Out,LL Cool J,Mama Said Knock You Out
Corn Maze,Malibu Ken,Malibu Ken
Beautiful Beast,Czarface,Double Dose of Danger
Don't U Wait No More,Red Velvet,The Red - The 1st Album
Lord of the Game / Mountain Stream,Death Grips / Kirby 64 remix,Lord of the Game / Mountain Stream
03. 히히하헤호 (with 긱스) Heeheehaheho (with Geeks),MAMAMOO,03. 히히하헤호 (with 긱스) Heeheehaheho (with Geeks)
Give a Little More,Arbutus,Arbutus
I Remixed The Vsauce Music,Levi Niha,I Remixed The Vsauce Music
The Feel,Little Brother,May the Lord Watch
Wishbone,Stealers Wheel,Right Or Wrong
Recording Device,BabyHead,Babyboomtown
Early 70s Gymnastics,Black Moth Super Rainbow,Start a People
Me & My Thoughts,Bishop Nehru,Me & My Thoughts
Rock N Roll Is Dead,JPEGMAFIA,Veteran
Aliens Are Ghosts,$uicideboy$,Aliens Are Ghosts
행복 (Happiness),Red Velvet 레드벨벳,The 1st Single '행복(Happiness)'
Hunter,Pharrell Williams,G I R L
"Living in Pain (feat. 2Pac, Mary J. Blige & Nas)",The Notorious B.I.G.,Duets: The Final Chapter
Deep Web,Death Grips,No Love Deep Web
한 여름의 크리스마스 (With You),Red Velvet,한 여름의 크리스마스 (With You)
WANT,TAEMIN,WANT - The 2nd Mini Album
Hotshot,Brown Eyed Girls,SIXTH SENSE
Palmolive,Freddie Gibbs,Bandana
4000 Miles,Blackalicious,Blazing Arrow
Zelda's Theme,Damaso Perez Prado,"Kass' Theme (From ""The Legend of Zelda: Breath of the Wild"")"
I’ll Be Waiting,ADELE,I’Ll Be Waiting (Kabhi Jo Baadal)
Eric Andre Grips,Alxon,Eric Andre Grips
The Balrog,King Gizzard & The Lizard Wizard,Murder of the Universe
05 - Pac - Man (Original Mix AKA Original Full Version),Aphex Twin,05 - Pac - Man (Original Mix AKA Original Full Version)
Lord of the Flamingoes,Death Grips x Kero Kero Bonito,Lord of the Flamingoes
The Ghetto,George Benson,Absolute Benson
Fashion Week (Instrumentals) - Runway W,Death Grips,Fashion Week (Instrumentals) - Runway W
Calamus Root,MF DOOM,Metal Fingers Presents: Special Herbs Vol. 3 & 4
A Day At The Races,Jurassic 5,Power In Numbers
Hyperlife,Beck,Hyperlife
The Lords Song,Daughters,You Won't Get What You Want
FUN!,fromis_9,FUN FACTORY
Nothing is Cool,Mcenroe,Nothing is Cool
Mrs. Robinson ,Simon & Garfunkel,Bookends
The Magnificent Seven,Tito Rodríguez,Ultra-Lounge/Cha-Cha De Amor
Crank Dat Culture Shock,Death Grips/Soulja Boy,Crank Dat Culture Shock
Chaise musicale,Jérôme 50,La hiérarchill
Carbonated Water,Ski Mask the Slump God,Carbonated Water
Rigamortus,Kendrick Lamar,Section.80
Poo-Putt Platter,MF DOOM,MM...FOOD
Activité de groupe,Les Trois Accords,Beaucoup de plaisir
Hot Head,Death Grips,Bottomless Pit
Memorial,MIKE,Tears of Joy
Get Got,Death Grips,The Money Store
Close Your Eyes (And Count To F**k) ft. Zack de la Rocha,Run The Jewels,Close Your Eyes (And Count To F**k) ft. Zack de la Rocha
Heathen,Adia Victoria,Silences
Murders,ミラクルミュージカル,Hawaii: Part II
たりないふたり,Creepy Nuts,正しい夜明け
Free The Frail,JPEGMAFIA,All My Heroes Are Cornballs
Wind flower,MAMAMOO,BLUE;S
Show You,Choosey,Black Beans
Everlasting Nothing,Beck,Everlasting Nothing
Irishman Freestyle,Action Bronson,White Bronco
Doh,Neil Cicierega,BEASTMODE 2
072 -Cream Of Ants-,TRIUMPHRECORDS2010,072 -Cream Of Ants-
Fentanyl,Black Thought,Streams of Thought Vol.2
Ma blonde et les poissons,Michel Bargone,Un trou dans les nuages
Blacka,Blackalicious,Imani Vol. 1
Overture,Katamari Damacy OST,When the Detail Lost Its Freedom
16 Hours,Higher Brothers,Five Stars
I Like It,Cardi B,Invasion of Privacy
Marble Machine,Wintergatan,Marble Machine
I Just,Red Velvet,Perfect Velvet - The 2nd Album
Nice Day,Persephone's Bees,Nimrod
Little Boxes,Walk Off The Earth,Little Boxes
The Game Pizza Theme,Spider-Man 2,The Game Pizza Theme
Loosies,Planet Asia,Initials on My Jewelry
Little Lies Remaster),Fleetwood Mac,Tango In the Night (Deluxe Edition)
Canto De Ossanha,Jurassic 5,Feedback
ADDICT,선미 (SUNMI),KOD
PRONE!,JPEGMAFIA,All My Heroes Are Cornballs
Caribe Atómico,Aterciopelados,Lo Esencial
Losing Something,Babe Rainbow,The Babe Rainbow (AUS)
合法的トビ方ノススメClean Ver.,Creepy Nuts(R-指定＆DJ松永),合法的トビ方ノススメClean Ver.
The Spider and Me,Mild High Club,Sketches of Brunswick East
They Told Me Too,Ty Segall,Deforming Lobes
NaNa,Chance The Rapper,Acid Rap
Superfast Jellyfish (feat. Gruff Rhys and De La Soul),Gorillaz,Plastic Beach
If you only knew,Jurassic 5,Power In Numbers
Unbelievable,The Notorious B.I.G.,Ready to Die (The Remaster)
Do I Wanna Know?,Arctic Monkeys,AM
Christmas Isn't Real,Bill Wurtz,Christmas Isn't Real
Rude Boy,MAMAMOO,Yellow Flower
Nas Is Like,Nas,I Am...
She’s a Baby,ZICO,She’s a Baby
Kids,Rich Brian,The Sailor
Tee Pee,The Murlocs,Tee Pee
Guillotine,Death Grips,Guillotine - Single
BURNING UP FOR YOU,Initial D 1st Stage Soundtrack,SUPER EUROBEAT presents INITIAL D 〜D SELECTION 2〜
Summer 17,MIKE,Tears of Joy
Rap Song Tutorial,Injury Reserve,Injury Reserve
Secret (비밀이야),WJSN,Secret (비밀이야)
Soy-Protein Munt Machine,King Gizzard & The Lizard Wizard,Murder of the Universe
Trippin At The Disco !!!,People Under The Stairs,Carried Away
King of the Underground,R.A. The Rugged Man,The EP Collection
Jazz-Pop-Clásico,Dorso,El Espanto Surge de la Tumba
Bad Dracula,Red Velvet,Russian Roulette - The 3rd Mini Album
The River,Kero Kero Bonito,Civilisation I
Panini,Lil Nas X,7 EP
Koruna & Lime,Injury Reserve,Injury Reserve
DIGITAL KHAN,Various Artists,GENERASIAN
Gallop to Southport,Psychedelic Porn Crumpets,"High Visceral, Pt. 1"
Gipsy Kings-Bamboleo HQ.wmv,Tigran Magnus,Gipsy Kings-Bamboleo HQ.wmv
WeChat,Higher Brothers,Black Cab
Lost,Chance The Rapper,Acid Rap
DO YOU LOVE ME,2NE1,CRUSH
나로 말할 것 같으면 (Yes I am),MAMAMOO,나로 말할 것 같으면 (Yes I am)
Red and Gold,MF DOOM,Operation: Doomsday (Complete)
Life's What You Make It Remaster),Talk Talk,Life's What You Make It Remaster)
The Boxer,Simon & Garfunkel,Bridge Over Troubled Water
Strawberry Fields Forever (Take 26),The Beatles,Sgt. Pepper's Lonely Hearts Club Band (Deluxe Edition)
Polygondwanaland,King Gizzard & The Lizard Wizard,Polygondwanaland
Alpha and Omega,Blackalicious,Imani Vol. 1
Fuck Me Out,Death Grips,The Powers That B
Lockjaw,King Geedorah,Take Me To Your Leader
Countdown,King Gizzard & The Lizard Wizard,Sketches of Brunswick East
音楽ワルキューレ2,DOTAMA,ニューアルバム
Eighty Eight,Serengeti,Music From The Graphic Novel Kenny Vs The Dark Web
Great Pumpkin Waltz,Vince Guaraldi,A Charlie Brown Christmas [2012 Remastered & Expanded Edition]
02. Mr.애매모호 Mr.Ambiguous,MAMAMOO,02. Mr.애매모호 Mr.Ambiguous
Blue Orchid,The White Stripes,Get Behind Me Satan
Good Morning,Max Frost,Gold Rush
I Dont Have To Work [Mini Album - Up All Night],Beenzino (빈지노),I Dont Have To Work [Mini Album - Up All Night]
Who Do You Think You Are Kidding Mr. Hitler?,London Music Works,British Sitcom Themes
AVALANCHE ft. MF DOOM,MADLIB,AVALANCHE ft. MF DOOM
24 Hours,Pharoahe Monch,24 Hours
Smile,JAY-Z,"thank u, next"
Someone Like U,Dalshabet,Naturalness
봐 Look,Red Velvet,Perfect Velvet - The 2nd Album
Katamari March Damacy,Katamari Damacy OST,"Accordion VGM, #1"
"Lifes Hard, Here's A Song About Sorrel",JPEGMAFIA,All My Heroes Are Cornballs
Hymn for a Droid,Psychedelic Porn Crumpets,And Now for the Whatchamacallit
Fashionista,CHAI,PUNK
Took A Trip,Ike & Tina Turner,Ultimate Collection Set
First Light,Deca,Forest Agates
I'm Your Boogie Man,KC & The Sunshine Band,I'm Your Boogie Man
Trailer Park,Matthew Logan Vasquez,Light'n Up
Cheat Code (feat. Baauer),Rico Nasty,Anger Management
"Daredevil (Feat. Jvcki Wai, YUMDDA) (천둥벌거숭이 (Feat. Jvcki Wai, 염따))",ZICO,"Daredevil (Feat. Jvcki Wai, YUMDDA) (천둥벌거숭이 (Feat. Jvcki Wai, 염따))"
HAPPY,WJSN,HAPPY MOMENT
Bring Back Pluto,Aesop Rock,None Shall Pass (Bonus Edition)
Bill's Mandolin,Psychedelic Porn Crumpets,Americana
Live,Action Bronson,White Bronco
Intro,Jaill,GossenEloquenz
Fashion Week (Instrumentals) - Runway Y,Death Grips,Fashion Week (Instrumentals) - Runway Y
The Mask,Danger Doom,The Mouse & The Mask
Slow Down,Bill Wurtz,Slow Down
Three Man Weave,Injury Reserve,Injury Reserve
Hypnotize,The Notorious B.I.G.,Life After Death (2014 Remastered Edition)
Savoy Truffle (Remastered,The Beatles,The Beatles (Remastered)
Fazers,King Geedorah,Take Me To Your Leader
Feel The Love,Kids See Ghosts,KIDS SEE GHOSTS
Red Velvet 레드벨벳 'Be Natural (feat. SR14B TAEYONG (태용)),SMTOWN,Red Velvet 레드벨벳 'Be Natural (feat. SR14B TAEYONG (태용))
Wild Frolicking Adventures of Informational Education,bill wurtz,Wild Frolicking Adventures of Informational Education
Oranges,NOLAN THE NINJA,Oranges
Atomic,Brown Eyed Girls,BASIC
Threshold,Deca,Flux
Pretty Miss Titty,Ty Segall,Fudge Sandwich
HIP TO BE NOIDED(HUEY LEWIS X DEATH GRIPS),LOVE GRIPS,HIP TO BE NOIDED(HUEY LEWIS X DEATH GRIPS)
That's Right I'm Five,Don’t Stop or We’ll Die,Movie Hits of the '50s Vol.5
Miles Davis improvising on LCD Soundsystem,Youtube duet,Miles Davis improvising on LCD Soundsystem
Czarface Theme,Czarface,First Weapon Drawn
The Charlie Brown Suite: Peppermint Patty,Vince Guaraldi,The Charlie Brown Suite And Other Favorites
Dead Bent,MF DOOM,Operation: Doomsday (Complete)
Hoe Cakes,MF DOOM,MM...FOOD
Sharp Darts,The Streets,Original Pirate Material
Super Car,SuperM,SuperM - The 1st Mini Album
Let's Push Things Forward,The Streets,Let's Push Things Forward
Sofa King,Danger Doom,The Mouse & The Mask
Daughter,Daughters,You Won't Get What You Want
Lovely Angel,Katamari Damacy OST,A Lovely Place
Wonder Woman (원더우먼),Brown Eyed Girls,Wonder Woman (원더우먼)
DoomGrips (Deathgrips x Doom),froststar21,DoomGrips (Deathgrips x Doom)
The Sweet Escape,Gwen Stefani,The Sweet Escape
Jenga (Feat. Gaeko),Heize,Wish & Wind
Superhuman,NCT 127,NCT #127 WE ARE SUPERHUMAN - The 4th Mini Album
29.5,Fayçal,Bila Blunts & Cigarette Boats
Can't Leave The Night,BADBADNOTGOOD,Can't Leave The Night
이센스 (가사포함),sleep tight,이센스 (가사포함)
Improving Solutions,The Murlocs,Young Blindness
"Robes (feat. Domo Genesis, Earl Sweatshirt)",Freddie Gibbs,Piñata
Whales,Hail Mary Mallon,Bestiary (Bonus Track Version)
In the Movies,Sloan,Pretty Together
She's Lucky,Arbutus,Call Me Lucky
Brutal,Action Bronson,White Bronco
Gods in Heat,Tobacco,Sweatbox Dynasty
비올레타 Violeta,IZ*ONE,비올레타 Violeta
The Embassy,Mos Def,My Fair Lady Soundtrack
Voyager's Golden Record -Dark was the night-Blind Willie Johnson,Giuliano Bevisangue,Voyager's Golden Record -Dark was the night-Blind Willie Johnson
Digital Black,King Gizzard & The Lizard Wizard,Murder of the Universe
Waggy (쟤가 걔야),MAMAMOO,Waggy (쟤가 걔야)
Star,Stealers Wheel,Ferguslie Park
Might Quit,Bill Wurtz,Might Quit
No Avocados In The Ghetto,Dekunle,No Avocados in the Ghetto
La La La,Weki Meki,Lucky
Onward & Inward,Deca,Flux
Beta Male Strategies,JPEGMAFIA,All My Heroes Are Cornballs
Higgs (신의 입자),Brown Eyed Girls,Higgs (신의 입자)
Season 5 Episode 2 Ending Song - Vietnamese,Bojack Horseman,Season 5 Episode 2 Ending Song - Vietnamese
Disastrous (Edit),MF DOOM,NEHRUVIANDOOM (REDUX)
Drive Safe,Rich Brian,The Sailor
Cindy Lou's Wish,"Tyler, The Creator",Music Inspired by Illumination & Dr. Seuss' The Grinch
Badster,HYO,Badster
Truth Hurts,Lizzo,Cuz I Love You (Deluxe)
Hail Mary,Facing New York,Dogtown
Funky D,"Victor Wooten, Dennis Chambers & Bob Franceschini",TRYPNOTYX
Sky Is Falling,Blackalicious,Blazing Arrow
NEW YORK,MAMAMOO,MEMORY
I Am the Alphabet,Black Moth Super Rainbow,Start a People
Wake up (feat. D Sisive),Kyprios,The Midnight Sun
Belly of The Beast (feat. Obongjayar),Danny Brown,Belly of The Beast (feat. Obongjayar)
It Might Be Time,Tame Impala,It Might Be Time
Hot Cake,S.L.A.C.K.,Hot Cake
The Moon Is Made of Cheese (But I Can't Taste It),Bill Wurtz,The Moon Is Made of Cheese (But I Can't Taste It)
5D,Death Grips,Fifth Dimension
Pressure,Little Simz,GREY Area
Knock On My Door,Rapsody,Laila’s Wisdom
Super Xan,Tiny Meat Gang,Super Xan
Blaxploitation,Noname,Room 25
Diamond,Higher Brothers,Five Stars
Eraser,TAEYEON,My Voice - The 1st Album (Deluxe Edition)
6th & A (Neon Brown Remix),Deca,Flux
Dependant on Mary,Psychedelic Porn Crumpets,"High Visceral, Pt. 2"
EVISBEATSゆれる feat. 田我流,Studio Ishi MMM,EVISBEATSゆれる feat. 田我流
Automobile,LES TROIS ACCORDS,Beaucoup de plaisir
Ties,NOLAN THE NINJA,Sportee
Anti-Matter,King Geedorah,Take Me To Your Leader
Cernes noirs,LES TROIS ACCORDS,Beaucoup de plaisir
Let It Snow,TAEYEON,This Christmas – Winter is Coming
悪役,DOTAMA,悪役
GAZZILLION EAR,MF DOOM,BORN LIKE THIS
Melt Everyone,Neil Cicierega,Live Inside the Vortex
Gravy n’ Biscuits,Injury Reserve,Injury Reserve
Imidiwan Win Sahara (feat. Tunde Adebimpe),Tinariwen,Imidiwan Win Sahara (feat. Tunde Adebimpe)
i'm Best Friends with my Own Front Door,bill wurtz,i'm Best Friends with my Own Front Door
Combat,Danny Brown,uknowhatimsayin¿
I'm a Man,Ty Segall,Burn Your Own Church
Dance In The Water,Danny Brown,Atrocity Exhibition
Ghetto Diplomat,Jurassic 5,J 5 (Deluxe Edition)
"진절머리 (Feat. Okasian, Dok2)",Beenzino,"진절머리 (Feat. Okasian, Dok2)"
30,Danny Brown,XXX (Deluxe Edition)
Yofukashino Uta,Creepy Nuts,Yofukashino Uta
S On Ya Chest,Injury Reserve,Floss
Everything Is Everything,Lauryn Hill,The Miseducation of Lauryn Hill
FANXY CHILD (Feat. FANXY CHILD),ZICO,Television
Crazy Little Fool,Queen/The Beatles,Bop Party
My Philosophy,Boogie Down Productions,By All Means Necessary (Expanded Edition)
Garfield,Hail Mary Mallon,Are You Gonna Eat That?
BoJack's Theme (Full Length),Patrick Carney,BoJack's Theme (Full Length)
Chum,Earl Sweatshirt,Doris
Organ Farmer,King Gizzard & The Lizard Wizard,Infest The Rats' Nest
La Boheme,Brown Eyed Girls,SIXTH SENSE
True Vulture Bare,Death Grips,True Vulture Bare
Take It Upon Yourself,Sloan,Hit & Run
"Jump Fence, Run, Live",El-P,Weareallgoingtoburninhellmegamixxx3
The Sky (하늘),Brown Eyed Girls,Kingdom Comes
After Club,Brown Eyed Girls,Black Box
‘사람들이 움직이는 게(HOW PEOPLE MOVE)’,AKMU,‘사람들이 움직이는 게(HOW PEOPLE MOVE)’
We Run This,Missy Elliott,The Cookbook
Kirby,Aesop Rock,The Impossible Kid
The Loner,Ty Segall,Fudge Sandwich
DOTS FREESTYLE REMIX,JPEGMAFIA,All My Heroes Are Cornballs
Bubblin,Anderson .Paak,Bubblin
Arabella,Arctic Monkeys,AM
Float On (feat. Charli XCX),Danny Brown,Old
Crayon (크레파스),IU,Crayon (크레파스)
"BERMUDA TRIANGLE (Feat. Crush, DEAN)",ZICO,BERMUDA TRIANGLE (feat. Crush & DEAN)
Satan in the Wait,Daughters,You Won't Get What You Want
Mountaintop ft. Armies,Spose,Mountaintop ft. Armies
Rosanna,Toto,Toto IV
Three Coins In A Fountain,Vince Guaraldi,Vince Guaraldi Trio
SELFISH (Feat. SEULGI) (슬기) (Of Red Velvet),MAMAMOO,SELFISH (Feat. SEULGI) (슬기) (Of Red Velvet)
Deltron- Positive Contact,Jimmy Dazzle,Deltron- Positive Contact
The Auctioneer,Leroy Van Dyke,Golden Hits - The World's Most Famous Auctioneer
F - R - O - We Got That (ft. Scrooge),A,F - R - O - We Got That (ft. Scrooge)
Keen for Kick Ons?,Psychedelic Porn Crumpets,And Now for the Whatchamacallit
Outside Looking In,Stealers Wheel,Stealers Wheel
The Girl,Arbutus,Arbutus
Macan (호랑이),Loco,Macan (호랑이)
At the Zoo,Simon & Garfunkel,Bookends
Brother Down,Sam Roberts Band,We Were Born In A Flame
Ocean Song,Daughters,You Won't Get What You Want
bad guy,Billie Eilish,"WHEN WE ALL FALL ASLEEP, WHERE DO WE GO?"
Soundtrack to Confusion,Black Thought,Streams of Thought Vol.2
どっち,Creepy Nuts,ハイファイブ∞あどべんちゃっ
"Sit Down, Man ft. El - P",Das Racist,"Sit Down, Man ft. El - P"
Ain't it Funny,Danny Brown,Book Number 7
Carnivores,Bernard Adamus,C'qui nous reste du Texas
Self - Immolate,King Gizzard & The Lizard Wizard,Infest The Rats' Nest
Red Queen (Feat. Zion.T),IU,Red Queen (Feat. Zion.T)
Suicide Big Gulp,Malibu Ken,Malibu Ken
F - R - O - Code #829,A,F - R - O - Code #829
You Oughta Know,Das Racist,Jagged Little Pill (Remastered)
Fly Me To The Moon,Vince Guaraldi,A Boy Named Charlie Brown
Can't Get Enough Of You Baby,Smash Mouth,Ultimate Modern Rock Mix
Far,The Murlocs,Old Locomotive
Lets Hit a Lick On The White House!,JPEGMAFIA x Freaky,Lets Hit a Lick On The White House!
The Great Pixley Train Robbery,Cass McCombs,Tip of the Sphere
A Pigeon Aint Shit But A Ghetto Dove,Mr. Muthafuckin' eXquire,Brainiac
Dumptruck,Blind Melon,Soup
Electric Feel,MGMT,Oracular Spectacular
Space Ho's (Madlib Remix),Danger Doom,The Mouse & The Mask
Broken (feat. Scarface),Freddie Gibbs,Piñata
Feel Noided Inc. ft. MC Ride,Gorillaz,Feel Noided Inc. ft. MC Ride
Blue Charlie Brown,Vince Guaraldi,A Boy Named Charlie Brown
Golddust,Danny Brown,Atrocity Exhibition
Go As You Please,Stealers Wheel,Right Or Wrong
Jet Lag,NCT 127,NCT #127 WE ARE SUPERHUMAN - The 4th Mini Album
The Rhythm,Jurassic 5,J 5 (Deluxe Edition)
It Girl,Pharrell Williams,G I R L
Terraqueous,Psychedelic Porn Crumpets,High Visceral (B-Sides)
Blind Faith,Stealers Wheel,Ferguslie Park
Gin & Tonic & Red Red Roses (A Crimson Rose and a Gin Tonic),Katamari Damacy OST,Gin & Tonic & Red Red Roses (A Crimson Rose and a Gin Tonic)
Soul Right,Freddie Gibbs,Bandana
Finally,MAMAMOO,Purple
Colors,Beck,Colors
Truth Hurts (feat. AB6IX),Lizzo,Truth Hurts (feat. AB6IX)
Steamboat Row,Stealers Wheel,Ferguslie Park
Eddy Grant-Electric Avenue,burtonkiller83,Electric Avenue
The Sailor,Rich Brian,The Sailor
Electric Blanket,Amanda Palmer,Electric Blanket
Pub Feed,The Chats,Pub Feed
Cyboogie,King Gizzard & The Lizard Wizard,Fishing For Fishies
All These Nights,Antarctigo Vespucci,Love in the Time of E-Mail
Le monstre,Caroline Savoie,Pourchasser l'aube
Let Yourself Go,Stealers Wheel,Right Or Wrong
Scarecrow (El - P Remix),Beck,Scarecrow (El - P Remix)
Waves,Katie Dey,Solipsisters
Real Nega,JPEGMAFIA,Veteran
Somethin Kinda Crazy,Red Velvet,The 1st Mini Album‘Ice Cream Cake’
Aloe Vera,Babe Rainbow,Aloe Vera
Freeee (Ghost Town Pt. 2),Kids See Ghosts,KIDS SEE GHOSTS
Kingdom Come,Red Velvet,Perfect Velvet - The 2nd Album
Juicy,Doja Cat,Juicy
City of Love,Persephone's Bees,Dreamer
Bring Her Back,Adia Victoria,Silences
Fashion Hoarder (Feat. ZENE THE ZILLA),Beenzino,Fashion Hoarder (Feat. ZENE THE ZILLA)
I'll Be Back,Beenzino,I’ll Be Back Again
Will It Go Round In Circles,Billy Preston,Ultimate Collection: Billy Preston
The Reason They Hate Me,Daughters,You Won't Get What You Want
Always Awake (Bonus Track),Beenzino,24: 26 (5th Anniversary Remaster Edition)
Who Dat,J. Cole,Flower Boy
Freestyle S**t,Freddie Gibbs,Bandana
Fyrd Up,Death Grips,Fyrd Up
HPNGC,Injury Reserve,HPNGC (FEAT. JPEGMAFIA & Code Orange)
JPEGMAFIA X KENNY BEATS FREESTYLE,Ivanna Tinkle,JPEGMAFIA X KENNY BEATS FREESTYLE
Dope Queen Blues,Adia Victoria,Silences
Lil Boy,Death Grips,No Love Deep Web
Citronella,Aesop Rock,None Shall Pass (Bonus Edition)
9th vs. Thought,Black Thought,Streams of Thought Vol.1
The Struggle Is Real,DTMD,Makin' dollas
The Veil,Deca,The Veil
Dusk to Dawn on Lygon Street,Mild High Club,Sketches of Brunswick East
Get it together,Jurassic 5,Feedback
Lingus (We Like It Here),Snarky Puppy,We Like It Here
Dang! (feat. Anderson .Paak),Mac Miller,The Divine Feminine
Obliviate,IU,Modern Times
Sick Beat (Danny L Harle Remix),Kero Kero Bonito,Bonito Recycling
Sunshine,Higher Brothers,Five Stars
Punk Weight,Death Grips,The Money Store
D-Day,King Gizzard & The Lizard Wizard,Sketches of Brunswick East
Guinnesses feat. Angelika & 4ize,MF DOOM,MM...FOOD
REAL TRUTH (feat. Tkay Maidza),J-E-T-S,ZOOSPA
Eric Andre Show : Killer Mike and Opera,Killer Mike,Eric Andre Show : Killer Mike and Opera
Whammy,Death Grips,No Love Deep Web
Same Old Thing,The Streets,Original Pirate Material
RPM,Rapper Big Pooh,RPM
Knock Sir (Doobling),Heize,Knock Sir (Doobling)
The Trooper,Hellsongs,Hymns in the Key of 666
Fresh off the Boat Main Title Theme,Danny Brown,Fresh off the Boat Main Title Theme
Pop,Death Grips,No Love Deep Web
여진 (LOONA / YeoJin) “키스는 다음에 (Kiss Later)”,이달의 소녀,여진 (LOONA / YeoJin) “키스는 다음에 (Kiss Later)”
Donkotine (Death Grips Guillotine Donkey Kong Rap,Kong Grips,Donkotine (Death Grips Guillotine Donkey Kong Rap
The Blowup,Blackalicious,Imani Vol. 1
I Feel Love,Donna Summer,Bad Girls (Deluxe Edition)
I Break Mirrors with my Face in the United States,Death Grips,The Powers That B
Death Grips- Guillotine REVERSE,Soho Jade Sun,Death Grips- Guillotine REVERSE
BB Poison,Death Grips,Bottomless Pit
짐살라빔 Zimzalabim,Red Velvet,짐살라빔 Zimzalabim
Awake,Tkay Maidza,Awake
Occupied,The Murlocs,The Murlocs
Chonks,Snarky Puppy,Immigrance
SEQUEL!,Tabby,SEQUEL!
Commotion (sur le ponton),Les Trois Accords,Beaucoup de plaisir
Back in the 90's,Grouplove,BoJack Horseman (Music from the Netflix Original Series)
I'll Be There,"이달의 소녀/희진, 현진 (LOONA/HeeJin, HyunJin)",For You - EP
Hit That Drum,Red Velvet,Summer Magic - Summer Mini Album
Don't Make It Difficult,Pip Blom,Don't Make It Difficult
Long Long Long Journey,Bill Wurtz,Long Long Long Journey
Cyber Sex,Doja Cat,Hot Pink
Energy (feat. Nadeem Din-Gabisi),Sampa the Great,Energy (feat. Nadeem Din-Gabisi)
OMG,Sampa the Great,OMG
JJan! Koong! Kwang! (짠쿵쾅),MOMOLAND,JJan! Koong! Kwang! (짠쿵쾅)
Tone's Rap,Ghostface Killah,Gansta Bitch (Deluxe Edition)
Krazy World,King Geedorah,Take Me To Your Leader
Fashion Week (Instrumentals) - Runway A,Death Grips,Fashion Week (Instrumentals) - Runway A
Piggies (Remastered,The Beatles,The Beatles (Remastered)
Slow Down Turbo,Rich Brian,The Sailor
Piano Man (Piano Ver.),MAMAMOO,Piano Man
The Cave (Freestyle),Smino,Swang Around the Corner
The Education of Smif N Wessun (Intro),Smif-N-Wessun,The All
Young Stuff (groundUP),Snarky Puppy,GroundUP
Christmas Is Coming,Vince Guaraldi,A Charlie Brown Christmas [2012 Remastered & Expanded Edition]
달라달라(DALLA DALLA),ITZY,IT'z Different
End Title,Czarface,Dog Days of Tomorrow
Flat Tummy Tea,Freddie Gibbs,Bandana
Slowboat,Ty Segall,Fudge Sandwich
Électrocution,Joël Martel,Michel
The Book,King Gizzard & The Lizard Wizard,Sketches of Brunswick East
The Floating Fire,King Gizzard & The Lizard Wizard,Murder of the Universe
The Bird Song,King Gizzard & The Lizard Wizard,Fishing For Fishies
Siren (사이렌),선미 (SUNMI),Siren (사이렌)
Jonah,Guster,Easy Wonderful (Deluxe Version)
I Get By ( +,Stealers Wheel,I Get By ( +
"Jesus Forgive Me, I Am A Thot",JPEGMAFIA,All My Heroes Are Cornballs
..and the Addled Abstraction of Being,Psychedelic Porn Crumpets,"High Visceral, Pt. 1"
아훕! AHH OOP!,MAMAMOO,아훕! AHH OOP!
Corinne,Les Trois Accords,Beaucoup de plaisir
Dont You Believe A Word,Sloan,Between the Bridges
STUCK IN MY HEAD,TWICE,FANCY YOU
We Are Going To,Beenzino,12
Lost Boys,Death Grips,The Money Store
One Punch Man (feat. Ski Mask The Slump God & Denzel Curry),Higher Brothers,Five Stars
"Han-Tyumi, the Confused Cyborg",King Gizzard & The Lizard Wizard,Murder of the Universe
Elder Blossoms,MF DOOM,"Metal Fingers Presents: Special Herbs, The Box Set Vol. 0 - 9"
Secret Tape (비밀테이프),선미 (SUNMI),Secret Tape (비밀테이프)
Meat Grinder (Four Tet Remix),Madvillain,Four Tet Remixes
A都市の秋,Drag,ゆめ
This is Violence Now (Dont get me wrong),Death Grips,Government Plates
Practice,Freddie Gibbs,Bandana
TECHNICS,DOTAMA,悪役
나만의 Recipe,MAMAMOO,나만의 Recipe
Interlude (That's Love),Chance The Rapper,Acid Rap
Blue Boss,Sampa the Great,Blue Boss
Warping,Death Grips,Bottomless Pit
Papi I Missed U,JPEGMAFIA,All My Heroes Are Cornballs
Getting Off the Plane Interlude,Your Old Droog,Transportation
Outra Vez,Bola Sete,Coleção MPB
Collusion (Outro),Diabolic,Collusion (Instrumentals)
Darkness (Edit),MF DOOM,NEHRUVIANDOOM (REDUX)
ARE WE STILL FRIENDS?,"Tyler, The Creator",IGOR
Curve (곡선),선미 (SUNMI),Curve (곡선)
Huff n Puff,Red Velvet,The Red - The 1st Album
American't,Christian Scott aTunde Adjuah,American't
Miel & Venin,Marie Carmen,Miel et venin
Sweet Talk,Girls' Generation,Holiday Night - The 6th Album
Death Grips/Childish Gambino,Redbone X No Love,Death Grips/Childish Gambino
"안녕, 여름 Parade",Red Velvet,"안녕, 여름 Parade"
Rolling On,The Murlocs,Young Blindness
Surfaris x Death Grips,I FUCK THE MUSIC WITH MY SURF AND TURF,Surfaris x Death Grips
Beneath the Clouded Veil,Spiritflesh,Spiritflesh
Stardust Fanfare,Katamari Damacy OST,Stardust Fanfare
Tell Me What I Don't Know,Danny Brown,Atrocity Exhibition
Kel Tinawen (feat. Cass McCombs),Tinariwen,Kel Tinawen (feat. Cass McCombs)
Catch me,Apink,Pink Revolution
City Song,Daughters,You Won't Get What You Want
Shitsville,Freddie Gibbs,Piñata
The Acrid Corpse,King Gizzard & The Lizard Wizard,Murder of the Universe
Harold’s,Freddie Gibbs,Piñata
Katamari Nah - Nah,Katamari Damacy OST,Katamari Nah - Nah
Uneventful Days,Beck,Uneventful Days
Square Up,Zack Fox,Square Up
Nobody Speak ft. Run The Jewels,DJ Shadow,Nobody Speak ft. Run The Jewels
Savage Nomad,Danny Brown,uknowhatimsayin¿
Just Did a Bad Thing,Bill Wurtz,Just Did a Bad Thing
넌 is 뭔들 (Youre the best),마마무 (MAMAMOO),베스트 걸그룹 MR 반주 Vol.5 Best K-pop Girl group Music MR Vol.5
Long Road To Glory,Jurassic 5,J 5 (Deluxe Edition)
When The Fires Come,Kero Kero Bonito,When The Fires Come
La de da de da de da de day oh,bill wurtz,La de Da de Da de Da de Day Oh
You Got It (feat. Jimetta Rose),Choosey,Black Beans
Carnival Kerfuffle [Music],Cuphead OST,Carnival Kerfuffle [Music]
Perihelion,King Gizzard & The Lizard Wizard,Infest The Rats' Nest
Best Life,Danny Brown,Best Life
E-Pro (CapeLion V2 Remix),Beck,E-Pro (CapeLion Remix V2)
Frozones Theme,Chill or Be Chilled,Incredibles 2 (Original Motion Picture Soundtrack)
Borderline,Tame Impala,Borderline
One Thing,Night Beats,Myth of a Man
Thursday In The Danger Room,Run The Jewels Perform,Run the Jewels 3
Good Businessman,Stealers Wheel,Ferguslie Park
PINK GUY COOKS STIR FRY AND RAPS,TVFilthyFrank,PINK GUY COOKS STIR FRY AND RAPS
The Reticent Raconteur,King Gizzard & The Lizard Wizard,Murder of the Universe
Altered Beast II,King Gizzard & The Lizard Wizard,Murder of the Universe
3 Tearz (feat. Run The Jewels),Danny Brown,3 Tearz (feat. Run The Jewels)
Sorry,Pip Blom,Boat
The Game,Arbutus,Arbutus
"Cranes, Planes, Migraines",Mild High Club,Sketches of Brunswick East
Denmark / Van Gogh & Gone,Psychedelic Porn Crumpets,"High Visceral, Pt. 1"
Bad Boy (English Version) (Bonus Track),Red Velvet,Summer Magic - Summer Mini Album
BBW,JPEGMAFIA,All My Heroes Are Cornballs
High (feat. Danny Brown),Freddie Gibbs,Piñata
월요일 보다는 화요일 (Tuesday is better than Monday) (Feat. 예리 of Red Velvet),GIANT PINK 자이언트핑크,월요일 보다는 화요일 (Tuesday is better than Monday) (Feat. 예리 of Red Velvet)
Mosquito,Red Velvet,Summer Magic - Summer Mini Album
The Cave: Episode 6,KENNY BEATS & VINCE STAPLES FREESTYLE,The Radio Adventures Of Dr. Floyd - The Complete Season 6
intergalactic jungle,Death Grips x Beastie Boys,Soul Beats Anime Mixxes
Senorita,(G)I-DLE,I made
Chez nous c'est Ski-Doo,Sara Dufour,Dépanneur Pierrette
dlwlrma (이 지금),IU,dlwlrma (이 지금)
What If?,The Murlocs,Manic Candid Episode
Doomsday,MF DOOM,Best of Mf
Death Grips vs. Funkadelic,unjuranalam,Death Grips vs. Funkadelic
Let It Out,Ugly Duckling,Bang for The Buck
BAAM,MOMOLAND,Fun to The World
Le jeu partie II,Caroline Savoie,Pourchasser l'aube
Guest House,Daughters,You Won't Get What You Want
Get Hi (feat. B-Real),Danny Brown,Control Freek
a lot,21 Savage,i am > i was
Streets,Black Thought,Streams of Thought Vol.2
Sgt. Pepper's Lonely Hearts Club Band (Reprise),The Beatles,Sgt. Pepper's Lonely Hearts Club Band (Remastered)
Lions for Lambs,Don’t Stop or We’ll Die,We Are Bury Your Dead
URB,JPEGMAFIA,Yes. No. Maybe So.
N - Pepa - Shoop,Salt,Hip Hop Tracks
HAPPY HAPPY,TWICE,HAPPY HAPPY
Downward Spiral,Danny Brown,Atrocity Exhibition
F - R - O) - Freedom Form Flowing ft. R.A. The Rugged Man and A,Gift of Gab ,F - R - O) - Freedom Form Flowing ft. R.A. The Rugged Man and A
The Flammable Man,Daughters,You Won't Get What You Want
Hola les lolos,Bernard Adamus,Sorel Soviet So What
#Cookie Jar,Red Velvet,#Cookie Jar
Lion Heart,Girls' Generation,Lion Heart - The 5th Album
Moon,Moon Little People,Get You The Moon (feat. Snøw)
Altered Beast IV,King Gizzard & The Lizard Wizard,Murder of the Universe
Allé Sauvage,BEAK,>>>
BOOM BAP FREESTYLE (The Cave),SMINO + MONTE BOOKER & KENNY BEATS,BOOM BAP FREESTYLE (The Cave)
"Buckingham Palace ft. Kxng Crooked, Benny the Butcher & .38 Spesh",Ghostface Killah,"Buckingham Palace ft. Kxng Crooked, Benny the Butcher & .38 Spesh"
Thunderstruck recorded version,Hellsongs,The Best of AC/DC Karaoke - The Ultimate ACDC Karaoke Hits Collection
Sour Soul,Ghostface Killah,Sour Soul
Anne Bonny,Death Grips,Government Plates
1539 N. Calvert,JPEGMAFIA,Veteran
한 여름 밤의 꿈,Brown Eyed Girls,Brown eyed Girls The Original
Song About a Raygunn (An Ode to Driver),Milo,So The Flies Don't Come
ME+U,f(x),Your Real Good Friends
Temple,Bronze Radio Return,Entertain You
Bada Bing,Danger Doom,The Mouse & The Mask
Kill Bill,Brown Eyed Girls,Kill Bill
Triangle,BADBADNOTGOOD,III
Love You Like Crazy,TAEYEON,Purpose - The 2nd Album
Money City Maniacs,Sloan,Navy Blues
We Are Driving ( 🎶  السعودية روحت   Saudi Arabia rap songs 🚗),Saudi girl Leesa's rap,We Are Driving ( 🎶  السعودية روحت   Saudi Arabia rap songs 🚗)
Dreamin,Gift of Gab From Blackalicious,Certified Hitmaker
You Dont Care,The Techniques,Reggae Anthology: Winston Riley - Quintessential Techniques
Make Me Feel,Janelle Monáe,Dirty Computer
Snowflake Boogie,Jools Holland,Jools Holland - More Friends - Small World Big Band Volume Two
助演男優賞,Creepy Nuts,助演男優賞
Mission Impossible Theme/Norwegian Wood,Alan Copeland,Mission Impossible Theme/Norwegian Wood
Magic,Robin Thicke,Something Else
Jive Talkin' ,Bee Gees,Main Course
You,Evidence,Cats & Dogs [Deluxe Edition]
Baby I'm Bleeding,JPEGMAFIA,Veteran
Satisfaction,Brown Eyed Girls,Black Box
She Works Out Too Much,MGMT,Little Dark Age
Rebecca,Les Trois Accords,Beaucoup de plaisir
Strawberry Fields Forever (Take 7),The Beatles,Sgt. Pepper's Lonely Hearts Club Band (Deluxe Edition)
might quit,bill wurtz,Might Quit
Do It Over,Antarctigo Vespucci,Love in the Time of E-Mail
Empty Nester,The Murlocs,Old Locomotive
"너는 나 나는 너 I Am You, You Are Me",ZICO,Coffee & Tea - Barista Muzic Vol.1
ALL CAPS NO SPACES,JPEGMAFIA,Black Ben Carson
Verbal Gunfight,Jurassic 5,J 5 (Deluxe Edition)
Turn the Page,The Streets,Original Pirate Material
Maintain (Felix Fast4ward Remix),Deca,Flux
Mount St. Helens is about to Blow Up,bill wurtz,Mount St. Helens Is About to Blow Up
Two Fingers of Whiskey (BBC Arena: American Epic),Elton John and Jack White,Two Fingers of Whiskey (BBC Arena: American Epic)
Method Man,Stef Chura,Midnight
Crustified Christmas,R.A. The Rugged Man & Mac Lethal,Crustified Christmas
APP (Feat. Loopy),Kid Milli,APP (Feat. Loopy)
Lovely Day,Bill Withers,Menagerie
Little Birdie,Vince Guaraldi,Peanuts Greatest Hits (Music From The TV Specials)
Let's Go to San Francisco,Danny Brown,San Francisco Sound: A Tribute to Bands from the Bay Area
Wolf Creep,The Murlocs,Young Blindness
And July (Feat. DEAN & DJ Friz),Heize,And July
Let It Happen (Soulwax Remix),Tame Impala,Currents B-Sides & Remixes
Clap Snap,Icona Pop,Emergency EP
Shinjiro,DJ Krush,Milight
The Second Line,Clinic,Internal Wrangler
Rookie,Red Velvet,Rookie - The 4th Mini Album
Benediction,Stealers Wheel,Right Or Wrong
Tiki-Taka (99%),Weki Meki,WEEK END LOL
On the Horizon,Sloan,Navy Blues
World of Dogs,Death Grips,No Love Deep Web
High Visceral,Psychedelic Porn Crumpets,"High Visceral, Pt. 1"
Big Time,Deca,The Ocean
Sunny Side Up!,Red Velvet,‘The ReVe Festival’ Day 1
Ice Cream,Rico Nasty,Nasty
I Cannot Fucking Wait Til Morrissey Dies,JPEGMAFIA,Veteran
Stillwell Baby,Your Old Droog,Transportation
Problem,Haiiro De Rossi,Problem
Raspberry Dawn,Black Moth Super Rainbow,Start a People
Collusion (Intro),Diabolic,Collusion
Mundungus,Psychedelic Porn Crumpets,Mundungus
Mount St. Helens Is About to Blow Up,Bill Wurtz,Mount St. Helens Is About to Blow Up
Ashes to Ashes,Blackalicious,Imani Vol. 1
Sherbet Sunset,Little Simz,GREY Area
Love Like Oxygen,SHINee,The SHINee World - The First Album
Crazy In Love ft. JAY Z,Beyoncé,Karaoke Bash: Top Hits
Hang Ten,Hail Mary Mallon,Bestiary (Bonus Track Version)
"All Right, Yeah",Juliana Hatfield,Weird
"Long, Long, Long (Remastered",The Beatles,Let It Be (Remastered)
I Wish It Would Rain,The Techniques,Treasure Isle Presents: Rock Steady
Midas Touch,Slick Rick,Midas Touch
Gettin Nasty,Ike Turner,Nasty Gal
SoulMate,ZICO,SoulMate (feat. IU)
These Walls,Kendrick Lamar,To Pimp A Butterfly
Girl Front,이달의 소녀 오드아이써클 (LOONA/ODD EYE CIRCLE),Max & Match
Paper Plane,Persephone's Bees,NCT #127 WE ARE SUPERHUMAN - The 4th Mini Album
Fire,Kids See Ghosts,KIDS SEE GHOSTS
Nobody Really Cares If You Dont Go To The Party,Courtney Barnett,"Sometimes I Sit and Think, and Sometimes I Just Sit"
1. 행복하지마 Don't be happy,MAMAMOO,1. 행복하지마 Don't be happy
Saturday in the Park,Chicago,Chicago V (Expanded & Remastered)
No Worries,Rich Brian,The Sailor
But I Do,Poldoore,Street Bangerz Volume 6: Playhouse
First Day of Class (Edit),MF DOOM,NEHRUVIANDOOM (REDUX)
Light Years,Gift of Gab From Blackalicious,I Am Easy to Find
Push & Pull (줄다리기),Apink,Push & Pull (줄다리기)
Mathematics,Mos Def,Black On Both Sides
Mars For The Rich,King Gizzard & The Lizard Wizard,Infest The Rats' Nest
Mother Nature's Son (Remastered,The Beatles,The Beatles (Remastered)
All Caps,Madvillain,Madvillainy
Thuggin’,Freddie Gibbs,Piñata
Mr. Lucky,Vince Guaraldi,The Definitive Vince Guaraldi
Zen Scientist,Milo,So The Flies Don't Come
Youre the Cream in My Coffee,Annette Hanshaw,Volume 5 1928-29
Swans Vines & Hollow Reeds by Insect Chandelier,damon teufel,Swans Vines & Hollow Reeds by Insect Chandelier
Great Things (Edit),MF DOOM,NEHRUVIANDOOM (REDUX)
Escape 2 Mars,Gift of Gab From Blackalicious,This Is War
Way To Your Heart,Persephone's Bees,Anytime
Rap Grow Old & Die x No Child Left Behind,JPEGMAFIA,All My Heroes Are Cornballs
Sick Spikes,Death Grips x Kero Kero Bonito,Sick Spikes
I'm,Oddisee,McCartney (Paul McCartney Archive Collection)
On Fire Tonight,Blackalicious,Imani Vol. 1
Rubble Kings Theme (Dynamite),Run The Jewels,Rubble Kings: The Album (Original Music Inspired By The Documentary)
Daddy Issues,Pip Blom,Boat
Pss Pss,Death Grips,The Powers That B
キミワイナ’17,新しい学校のリーダーズ,マエナラワナイ
No Credit Card,Neil Cicierega,No Credit Card
Mars For The Rich,King Gizzard & The Lizard Wizard,Infest The Rats’ Nest
Wow Thing,[STATION X 0] 슬기(SEULGI)X신비(여자친구)X청하X소연,Wow Thing
At the Airport Terminal,Bill Wurtz,At the Airport Terminal
Bitch Please,Death Grips,The Money Store
Diddy Bop (ft. Raury & Cam Obi),Noname,Diddy Bop (ft. Raury & Cam Obi)
Honey Pie (Remastered,The Beatles,The Beatles (Remastered)
So Beyond Me,Sloan,Between the Bridges
Chic-Chocs,Sara Dufour,Sara Dufour
BLACKJACK,Aminé,ONEPOINTFIVE
Whole Wide World,MIKE,Tears of Joy
Skinnamarink,"Sharon, Lois & Bram","One Elephant, Deux Elephants"
Grimy Waifu,JPEGMAFIA,All My Heroes Are Cornballs
Dumb Dumb,Jane Jang,LISTEN 012 Dumb Dumb
Milkshake,Red Velvet,‘The ReVe Festival’ Day 1
long long long journey,bill wurtz,Long Long Long Journey
Work In Progress,Kemba,Gilda
Bennies,Serengeti,Music From The Graphic Novel Kenny Vs The Dark Web
Future,CHAI,PUNK
Good Day Sunshine,The Beatles,Revolver (Remastered)
Dont fuck around with love,The Blenders,Raw & Raunchy
Three Bedrooms in a Good Neighborhood,Death Grips,Bottomless Pit
Flambant neu,Robert Nelson,Nul n'est roé en son royaume
Season 3 Episode 03 - Kinky,Weeds Intro,Season 3 Episode 03 - Kinky
Bandana,Freddie Gibbs,Bandana (feat. Assassin)
Hunger Games,Death Grips,No Love Deep Web
Fixing A Hole (Speech And Take 3),The Beatles,Sgt. Pepper's Lonely Hearts Club Band (Deluxe Edition)
No Love,Death Grips,No Love Deep Web
I Cum Blood,Cannibal Corpse,Tomb Of The Mutilated
Scorpion Hill,PUP,Morbid Stuff
RICE BALLS,TVFilthyFrank,Pink Season
I Did,Choosey,Black Beans
Bad Boy X Sunny Side Up,Red Velvet,‘The ReVe Festival’ Day 1
Got Wet in the Bomb Shelter,Tobacco,Ripe & Majestic (Instrumental Rarities & Unreleased Beats)
How To Build A Relationship ft. JPEGMAFIA,Flume,How To Build A Relationship ft. JPEGMAFIA
Signs,Five Man Electrical Band,Absolutely Right - The Best Of Five Man Electrical Band
Hidalgo,Bernard Adamus,C'qui nous reste du Texas
Get Up Get Down,Coolio,Gangsta's Paradise
uknowhatimsayin¿ (feat. Obongjayar),Danny Brown,uknowhatimsayin¿ (feat. Obongjayar)
MIANHAE Sorry,Heize,MIANHAE Sorry
Cyndago,Blonde Boyz,Cyndago
You Got,WJSN,WJ STAY?
Dezi's Adventure,Psychedelic Porn Crumpets,Dezi's Adventure
Hours & Minutes,Epic Beard Men,This Was Supposed to Be Fun
"Dali, Van, Picasso",Beenzino,12
Olympic Fanfare,TokyoOlympic Games,John Williams at the Movies
Venom,Little Simz,GREY Area
MINJOKYO (ENTRANCE),Various Artists,GENERASIAN
Lola,The Kinks,"Lola Versus Powerman and the Moneygoround, Pt. One"
The Crying Pill,Matmos,Plastic Anniversary
Mt. Etna,Action Bronson,White Bronco
Stark's Reality,BADBADNOTGOOD,Apocalypse
In My Head,Big Wreck,...but for the sun
Styrax Gum,MF DOOM,"Metal Fingers Presents: Special Herbs, The Box Set Vol. 0 - 9"
Happy Face,The Murlocs,Young Blindness
Tréboles,Aterciopelados,Rio
Found My Way To You (Long Version),Stealers Wheel,Right Or Wrong
TURNT AND BURNT,TAEYEON,VOICE
ASIAN PIZZA,TVFilthyFrank,ASIAN PIZZA
Sixth Sense,Brown Eyed Girls,KPOP - Girl Power Vol. 8
"Take The ""A"" Train",Nikki Yanofsky,Nikki
S.L.A.C.K.,That's me,MOA MOA LOVE
"If It Feels Good, Do It",Sloan,Pretty Together
History Unfolds,Black Thought,Streams of Thought Vol.2
Juice,Lizzo,Cuz I Love You
Hello Mister Sun,Guster,Look Alive
Gurzle,Psychedelic Porn Crumpets,"High Visceral, Pt. 2"
Choose Go!,CHAI,PUNK
Death Grips/MF DOOM,Rap Snitches in a Good Neighborhood,Death Grips/MF DOOM
Radio,Ty Segall,First Taste
天の川,MCpero,MCperoの一人遊び
Pedestrian at Best,Courtney Barnett,"Sometimes I Sit and Think, and Sometimes I Just Sit"
Lift Yourself,Kanye West,Lift Yourself
You've Got to Be Kidding,Drugdealer,You've Got to Be Kidding
Drinking in the Shower,brooklynchai,Rat Bag
Fashion Week (Instrumentals) - Runway J,Death Grips,Fashion Week (Instrumentals) - Runway J
Wheelin',Stealers Wheel,Ferguslie Park
Hands of the Devil,Eerie Wanda,Pet Town
Casa,Bernard Adamus,C'qui nous reste du Texas
Runnin',The Pharcyde,Labcabincalifornia (Deluxe Edition)
Sensation,Robert Charlebois,"50 ans, 50 chansons"
Sketches of Brunswick East II,Mild High Club,Sketches of Brunswick East
Chase Me,Danger Mouse,Chase Me
No Beginner,Serengeti,Kenny Dennis III
VOSSI BOP,STORMZY,Vossi Bop
Marilyn Monroe,Pharrell Williams,G I R L
Crank That (Soulja Boy),Soulja Boy Tell'em,souljaboytellem.com
Black Pearl,선미 (SUNMI),Ten
"The Mighty Underdogs are Lateef, Gift. of Gab... ft. MF DOOM.",Gunfight by The Mighty Underdogs,"The Mighty Underdogs are Lateef, Gift. of Gab... ft. MF DOOM."
A Report To The Shareholders / Kill Your Masters |,Run The Jewels,Run the Jewels 3
Ice Cream Cake,Red Velvet 레드벨벳,The 1st Mini Album‘Ice Cream Cake’
Mr Scruff- Kalimba (Ninja Tuna),Calum White,Mr Scruff- Kalimba (Ninja Tuna)
What More Could You Want,Stealers Wheel,Ferguslie Park
Battle Lines,Kero Kero Bonito,Civilisation I
Don't Let Me Sleep,Shana Cleveland,Sorry Mom I Love You
"After The Storm ft. Tyler, The Creator, Bootsy Collins",Kali Uchis,"After The Storm ft. Tyler, The Creator, Bootsy Collins"
Long Liveth,Black Thought,Streams of Thought Vol.2
HO!,TWICE,Summer Nights
Aqua Man,Beenzino,24: 26 (5th Anniversary Remaster Edition)
Saw Lightning,Beck,Saw Lightning
"인상 써 (Act serious) (feat.Ugly Duck , DJ Wegun)",Loco,"인상 써 (Act serious) (feat.Ugly Duck , DJ Wegun)"
Like Young (Remastered),David Rose,Ultra-Lounge/Cocktail Capers
Celebrate ,Pitbull,Globalization
Warning,The Notorious B.I.G.,Ready to Die (The Remaster)
Machete,Juan Wauters,La Onda de Juan Pablo
Bad Boy,Red Velvet,The Perfect Red Velvet - The 2nd Album Repackage
After its own death: Side A,NIVHEK,After its own death / Walking in a spiral towards the house
BasicBitchTearGas,JPEGMAFIA,All My Heroes Are Cornballs
Teenage Dream,T. Rex,Scott Pilgrim vs. the World (Original Motion Picture Soundtrack)
darko drum 12,Death Grips,darko drum 12
Black Steve Austin,JPEGMAFIA,Black Ben Carson
Giannis,Freddie Gibbs,Bandana
Flexing So Hard,Higher Brothers,Five Stars
러시안 룰렛 Russian Roulette,Red Velvet,Russian Roulette - The 3rd Mini Album
"Eyes Locked, Hands Locked",Red Velvet,‘The ReVe Festival’ Day 2
Welcome to MOMOLAND,MOMOLAND,Welcome to MOMOLAND
Rabbit Hole,Spose,We All Got Lost
R.T.N,KANDYTOWN,More Broken Chains
Favorite Song,Chance The Rapper,Acid Rap
Joli garçon,Pink Martini,Je Dis Oui!
Meat Grinder,Abstract Orchestra,"Madvillain, Vol. 2"
Red Light,f(x),The 3rd Album 'Red Light'
Johnny B. Goode _Chuck Berry,Voyager's Golden Record,Johnny B. Goode _Chuck Berry
Pac-Man Theme (REMIX),BLopes912,Stuff by Arsenic1987
문득 그런 생각이 들어 Umbrella Calls for Rain (Feat. nafla),Heize,문득 그런 생각이 들어 Umbrella Calls for Rain (Feat. nafla)
Pusha Man,Chance The Rapper,Acid Rap
Mon Cheri,Pavo Pavo,Mystery Hour
Peek-A-Boo (Japanese Version),Red Velvet,SAPPY
Oh... Canada (Dirty Version),Classified,Self Explanatory
Baby Beluga,Raffi,Baby Beluga
Heart Of Glass,Blondie,Best Of Blondie
White Lines,Danny Brown,Atrocity Exhibition
Stranded Lullaby,ミラクルミュージカル,Hawaii: Part II
Uh-Oh,(G)I-DLE,Uh-Oh
My Plane,Your Old Droog,Transportation
Agrimony,MF DOOM,"Metal Fingers Presents: Special Herbs, The Box Set Vol. 0 - 9"
Dreamin ft. Del the Funky Homosapian & Brother Ali,Gift of Gab,Dreamin ft. Del the Funky Homosapian & Brother Ali
day loop 06,Death Grips,day loop 06
I Got Love,TAEYEON,My Voice - The 1st Album
멋있게 (Sassy Me),Red Velvet,멋있게 (Sassy Me)
The High Road,Don’t Stop or We’ll Die,Broken Bells
"Crying, Laughing, Loving, Lying",Guster,"Crying, Laughing, Loving, Lying"
101 FM,Little Simz,GREY Area
Perfect Hair,Danger Doom,The Mouse & The Mask
Time Leak (Redef Remix),Talib Kweli,Time Leak
Swing it Shorty (Intro),Brown Eyed Girls,SIXTH SENSE
We don't talk together (Feat. 기리보이) (Prod. SUGA),Heize,We don't talk together (Feat. 기리보이) (Prod. SUGA)
Y Gwyneb Iau,Super Furry Animals,Mwng (Deluxe Edition)
The Joke of Life,Tacocat,This Mess Is a Place
Xenogenesis,TheFatRat,Xenogenesis
Tezeta,Mild High Club,New York - Addis - London: The Story of Ethio Jazz 1965-1975
"Open Mic Nite, Pt. 1 (feat. Lord Sear, Benn Grimm as Brother Sambuca, Rodan as Dr. Moraue, &...",MF DOOM,Vaudeville Villain
Invisible When the Sun Leaves,Shana Cleveland,Night of the Worm Moon
A Volar,Juan Wauters,La Onda de Juan Pablo
Nights In White Satin,Oceans of Slumber,Winter
The 27 Club,JPEGMAFIA,Black Ben Carson
Doorman,Slowthai,Nothing Great About Britain
Chicken in the Corn,Brushy One String,Destiny
F - R - O - Definition Of A Rap Flow,A,F - R - O - Definition Of A Rap Flow
Mr. E,Red Velvet,Summer Magic - Summer Mini Album
Stay Safe,TMG,Locals Only
Faith,Blackalicious,Imani Vol. 1
Obrigado,Freddie Gibbs,Bandana
Abort Planet Earth,The Alex Jones Prison Planet,Super Heavy Galactic Stuff
F9mily (You & Me),Lil Nas X,7 EP
I Smell Crack,JPEGMAFIA,Black Ben Carson
SUGAR,WJSN,SPECIAL ALBUM <For the Summer>
Breakfast Eggs,Ty Segall,Deforming Lobes
Sieve,Katie Dey,Solipsisters
Remember His Name,Jurassic 5,Power In Numbers
내가 좀 예뻐(I'm So Pretty),NATURE(네이처),내가 좀 예뻐(I'm So Pretty)
My Definition Of A Boombastic Jazz Style,Dream Warriors,And Now The Legacy Begins
Let Me Down Lightly,The Murlocs,Young Blindness
Nightcrawler (feat. Method Man),Czarface,Every Hero Needs a Villain
Right Action,Franz Ferdinand,"Right Thoughts, Right Words, Right Action (Deluxe Edition)"
FLOWER (Korean Ver.),GFRIEND,Yu Myeonghae Korean Classical Music Praise `Bless` 4st (유명해 국악찬양 축복4집-민요개사)
Boys,Lizzo,Cuz I Love You (Deluxe)
Superhuman,NCT 127 엔시티 127,Superhuman
Way Back When,Buck 65,Situation
Can I Watch? (feat. Apani B as Nikki),MF DOOM,Vaudeville Villain
Mr. Muthafuckin eXquire,Eric Andre Show,Cancer 4 Cure
Altered Beast I,King Gizzard & The Lizard Wizard,Murder of the Universe
Miss Maya,Deca,The Veil
Rings,Aesop Rock,The Impossible Kid
I Wanna Be Free,Stephen Steinbrink,Utopia Teased
SAPPY,Red Velvet,SAPPY
Semente,Snarky Puppy,Culcha Vulcha
S.l.a.c.k. TAMU PUNPEE 仙人掌,But This is Way,S.l.a.c.k. TAMU PUNPEE 仙人掌
Paper Mâché,King Gizzard & The Lizard Wizard,Paper Mâché Dream Balloon
Look What You Made Me Do (Taylor Swift. Remix),R.A. The Rugged Man,Look What You Made Me Do (Workout Tribute to Taylor Swift)
Voices,Big Wreck,...but for the sun
Save Our Ship,Malibu Ken,Malibu Ken
39 Thieves,Aesop Rock,None Shall Pass (Bonus Edition)
When I Get Older,Bill Wurtz,When I Get Older
Comfort Eagle,Cake,Comfort Eagle
Old School Rules,Danger Doom,The Mouse & The Mask
TDAH,Caravane,TDAH
Smooth Flow,Neil Cicierega,Flow Me Smooth
Coco Mango,MF DOOM & Damu The Fudgemunk,Coco Mango Diced
Nagasaki,Rickie Lee Jones,Kicks
Thanksgiving Theme,Vince Guaraldi,A Charlie Brown Christmas [2012 Remastered & Expanded Edition]
YSIV,Logic,YSIV
Identity Theft,The Chats,Identity Theft
Do It Like Me (feat. JID),Higher Brothers,Five Stars
UP,EarthGang,Mirrorland
갑과 을 No no no,MAMAMOO,갑과 을 No no no
Still (남아있어) (Feat. Crush),Loco,Still (남아있어) (Feat. Crush)
Self,Noname,Room 25
Korean Air X SuperM Safety,대한항공 (Korean Air),Korean Air X SuperM Safety
PLAY (feat. Mykki Blanco),J-E-T-S,ZOOSPA
Rolling Stoned,King Gizzard & The Lizard Wizard,Sketches of Brunswick East
Vats of Urine,Danger Doom,The Mouse & The Mask
Kenan Vs. Kel,JPEGMAFIA,All My Heroes Are Cornballs
N - Pepa - Lets Talk About Sex,Salt,Rap Superstar Backing Tracks
Dúo,Aterciopelados,Claroscura
Smoke Again,Chance The Rapper,Acid Rap
Blues in 33/8,Matt Savage Trio,Quantum Leap
Old Town Road (Remix),Lil Nas X,7 EP
NAPPA,Crush,NAPPA 나빠
Fishing For Fishies,King Gizzard & The Lizard Wizard,Fishing For Fishies
피카부 (Peek-A-Boo),Red Velvet 레드벨벳,Perfect Velvet - The 2nd Album
Cardinal,Sef Lemelin,Deconstruction
Linus and Lucy with The Band,Vince Guaraldi,The Charlie Brown Suite And Other Favorites
Stuck,Katie Dey,Solipsisters
Word Crimes,"""Weird Al"" Yankovic",Mandatory Fun
Monsieur L'ingénieur,Robert Charlebois,Et Voilà
All Good (ft. Chaka Khan),De La Soul,All Good (ft. Chaka Khan)
Train Love,Your Old Droog,Transportation
Freda (With The Naturally Curly Hair),Vince Guaraldi,A Boy Named Charlie Brown
Beyond Alive,Death Grips,The Powers That B
Tenere Taqhim Tossam (feat. Tunde Adebimpe & Kyp Malone),Tinariwen,Tenere Taqhim Tossam (feat. Tunde Adebimpe & Kyp Malone)
Enough,Apink,PERCENT
Many Moons of Love,Babe Rainbow,Today
Kung Fu Fighting,CeeLo Green,Kung Fu Panda (Original Motion Picture Soundtrack)
Acarine,King Gizzard & The Lizard Wizard,Fishing For Fishies
Gonnawanna,Deap Vally,Femejism
Affirmative Action (Saint - Denis Style Remix) ft. Suprême NTM,Nas,Affirmative Action (Saint - Denis Style Remix) ft. Suprême NTM
Fashion Week (Instrumentals) - Runway E,Death Grips,Fashion Week (Instrumentals) - Runway E
みんなちがって、みんないい。,Creepy Nuts(R-指定＆DJ松永),みんなちがって、みんないい。
Native Tongue,Psychedelic Porn Crumpets,And Now for the Whatchamacallit
Black Out,IU,Palette
IGOR'S THEME,"Tyler, The Creator",CLASSICAL ROMANCE VOL.9 / LATIN STYLE
Staying In,Juliana Hatfield,Weird
Psycho,Slowthai,Psycho
OWN APPEAL,ODDISEE,Tangible Dream
고블린 Goblin,Sulli,고블린 Goblin
Flexin,Beenzino,12
Driving Down The Block (El-P Remix) (Redux),El-P,Weareallgoingtoburninhellmegamixxx3
Something New,Babe Rainbow,Today
FUN!,Vince Staples,FM!
Club Poor,Rynx,In Pieces
Found God in a Tomato,Psychedelic Porn Crumpets,"High Visceral, Pt. 1"
Early,Run The Jewels,Run The Jewels 2
Fashion Week (Instrumentals) - Runway D,Death Grips,Fashion Week (Instrumentals) - Runway D
Vomit Coffin,King Gizzard & The Lizard Wizard,Murder of the Universe
I Love You,EXID,I Love You
Couldn't Tell,Eerie Wanda,Str8Lace Presents: Poppin Big Shit
Breathless On DVD,Antarctigo Vespucci,Love in the Time of E-Mail
Cut Throat (Instrumental),Death Grips,Cut Throat (Instrumental)
Escape,Blackalicious,Imani Vol. 1
Blue Moon,EarthGang,Mirrorland
Crosshairs,Danger Doom,The Mouse & The Mask
Known For It [Vibe Killer Mix] Death Grips x Kendrick Lamar,See Ess,Known For It [Vibe Killer Mix] Death Grips x Kendrick Lamar
I Might Vote 4 Donald Trump,JPEGMAFIA,I Might Vote 4 Donald Trump
Check The Rhime,A Tribe Called Quest,The Low End Theory
Off the Hook,The Rolling Stones,The Rolling Stones No. 2
Hi High,LOOΠΔ,[+ +]
How We Do,Chali 2na,Instrumentality EP
Sans rancune Buddé,Sara Dufour,Sara Dufour
The Lord of Lightning,King Gizzard & The Lizard Wizard,Murder of the Universe
On the Earth,Persephone's Bees,"Steven Universe, Vol. 1 (Original Soundtrack)"
Can't Forget,The Lemonheads,A Town Called Paradise (Deluxe)
Gets So Lonely,Stealers Wheel,Stealers Wheel
Whatta Man,Salt-N-Pepa,Very Necessary
Dreaming of You,Sloan,Pretty Together
Curls,Madvillain,Madvillainy
Om (Edit),MF DOOM,NEHRUVIANDOOM (REDUX)
Dragon's Blood Resin,MF DOOM,Dragon's Blood Resin
207,Your Old Droog,Transportation
Blackjack,Death Grips,The Money Store
Happily Ever After,Red Velvet,Rookie - The 4th Mini Album
4:44,JAY-Z,re:BLUE ROSE
chiquita banana obama,Khwaab Dave,chiquita banana obama
Taqkal Tarha (feat. Micah Nelson),Tinariwen,Taqkal Tarha (feat. Micah Nelson)
Babushka Boi,A$AP Rocky,Babushka Boi
ViViD,이달의 소녀/희진 (LOONA/HeeJin),99.9%
Ice Cream Girl,Tobi Lou,Live on Ice
Cherry Red,Ty Segall,Deforming Lobes
Toxic Coffee (Britney Spears,Aesop Rock,Toxic Coffee (Britney Spears
The Cave: Episode 8,KENNY BEATS & MAXO KREAM FREESTYLE,The Cave: Episode 8
I Aint No Joke,Eric B. & Rakim,Paid In Full
ZZZ Top,Aesop Rock,Skelethon [Deluxe Version]
Barcelona,Montserrat Caballé & Freddie Mercury,Barcelona
Conception,Black Thought,Streams of Thought Vol.2
SHE'S FINE (Her Fine Weather),Heize,SHE'S FINE (Her Fine Weather)
Dog Years,Malibu Ken,Malibu Ken
행복하지마 (Dont Be Happy),"마마무 (MAMAMOO), 범키 (Bumkey)",행복하지마 (Dont Be Happy)
The Great Pretender,The Platters,The Platters Golden Hits
Morning Song,Babe Rainbow,Today
Beaucoup de plaisir,Les Trois Accords,Beaucoup de plaisir
Waterboy,Tobi Lou,Live on Ice
Maybe Its Just Me ft. Brother Ali,Classified,Maybe Its Just Me ft. Brother Ali
Asuf D Alwa (feat. Kyp Malone),Tinariwen,Asuf D Alwa (feat. Kyp Malone)
Dead by Bong,Cannabis Corpse,Beneath Grow Lights Thou Shalt Rise
TOXIC GRIPS (Britney Spears x Death Grips),Mayhem Mouse,TOXIC GRIPS (Britney Spears x Death Grips)
SISTAR 씨스타_SHAKE IT,starshipTV,SISTAR 씨스타_SHAKE IT
Whats Goodie (ft. Cakes da Killa),Injury Reserve,Whats Goodie (ft. Cakes da Killa)
Dommage,Bigflo & Oli,La vraie vie
[Crayon Pop] 크레용팝 빠빠빠(Bar Bar Bar) -(안무버젼),POP CRAYON,[Crayon Pop] 크레용팝 빠빠빠(Bar Bar Bar) -(안무버젼)
Lets Breeze away! extended,Angry Birds Go music,Lets Breeze away! extended
When I Get Older,bill wurtz,When I Get Older
Wide Awake,Parquet Courts,Wide Awake!
だがそれでいい,Creepy Nuts(R-指定＆DJ松永),島人ぬ宝
Perfume,에이핑크,Glorioso Rey
너에게 속았다,Brown Eyed Girls,떠나라 미스김
Raspy shit,Pharrell Williams,In My Mind
Rainbow in the Dark,Das Racist,4 X 12 Volume 2
Bonfire,Childish Gambino,Camp
Black Jesus,Everlast,Eat At Whitey's
1cm의 자존심,MAMAMOO,1cm의 자존심
RBB (Really Bad Boy),Red Velvet,RBB - The 5th Mini Album
Another Meaning,Stealer's Wheel,Stealers Wheel
September [The Reflex Revision],"Earth, Wind & Fire",September [The Reflex Revision]
Whoville,"Tyler, The Creator",Music Inspired by Illumination & Dr. Seuss' The Grinch
Puff Daddy,JPEGMAFIA x Kenny Beats,Victory Lap
Hold the Line,Toto,Toto
Winter Games,David Foster,The Symphony Sessions
Brave New World (신세계),Brown Eyed Girls,Pony
Hit It and Quit It,Ty Segall,Fudge Sandwich
All About That Bass,Meghan Trainor,Title (Deluxe)
Love You Madly,Cake,Comfort Eagle
LaLa Challenge,EarthGang,Mirrorland
The Cruel Millennial,King Gizzard & The Lizard Wizard,Fishing For Fishies
Gemini,Snarky Puppy,Culcha Vulcha
Altered Beast III,King Gizzard & The Lizard Wizard,Murder of the Universe
The Fine Print,King Geedorah,Take Me To Your Leader
"Dance, Dance, Dance",The Beach Boys,50 Big Ones: Greatest Hits
Get Lonely,Adia Victoria,Silences
Work Song,Vince Guaraldi,The Definitive Vince Guaraldi
Jailbreak the Tesla,Injury Reserve,Injury Reserve
I'm OK,TAEYEON,NEW KIDS REPACKAGE : THE NEW KIDS
BBIBBI (삐삐),IU,BBIBBI (삐삐)
All the Things You Are,Matt Savage Trio,Quantum Leap
Slick Talk,J.I.D.,DiCaprio 2
Supermassive Black Hole,Muse,Black Holes and Revelations
Spice Girl,Aminé,Good For You
First Light in the Garden at Chipping,Psychedelic Porn Crumpets,"High Visceral, Pt. 2"
Bomb Thrown,CZARFACE & MF DOOM,Czarface Meets Metal Face
Traffic Control (교통정리) (Feat. HEIZE) (헤이즈),GIRIBOY,Traffic Control (교통정리) (Feat. HEIZE) (헤이즈)
Panda,Desiigner,Panda
Dollywood,Hail Mary Mallon,Bestiary (Bonus Track Version)
Pi,Psychedelic Porn Crumpets,High Visceral (B-Sides)
Nike Shoes (Feat. Dynamic Duo),Beenzino,Nike Shoes (Feat. Dynamic Duo)
Alfred E. Neuman,Don’t Stop or We’ll Die,Dazzle Me
BUTTERMILK JESUS TYPE BEAT,JPEGMAFIA,All My Heroes Are Cornballs
Love & Money,Za Za,Eurobeat Sound Tracks
We Talkin Bout (feat. KOHH),Higher Brothers,Five Stars
i just did a bad thing,bill wurtz,i just did a bad thing
It's Not Safe to Leave This House,Psychedelic Porn Crumpets,It's Not Safe to Leave This House
Noble Soldier,The Murlocs,Old Locomotive
New York,Angel Haze,Dirty Gold (Deluxe)
This Is Chai,CHAI,PUNK
This Side,EarthGang,Mirrorland
Vacant,Rich Brian,The Sailor
Protegent complete security full rap,Stage4Candy,Protegent complete security full rap
Greetings In 55 Languages,Voyager Golden Record,The Golden Record. Greetings and Sounds of the Earth.
12 O’clock,WJSN,WJ STAY?
Have a Sad Cum,Death Grips,The Powers That B
BIRTHDAY,SOMI (전소미),Jeremih
Bergamot Wild,MF DOOM,Metal Fingers Presents: Special Herbs Vol. 3 & 4
Aqua Profunda!,Courtney Barnett,"Sometimes I Sit and Think, and Sometimes I Just Sit"
A Day In The Life (Take 1 With Hums),The Beatles,Sgt. Pepper's Lonely Hearts Club Band (Deluxe Edition)
Move,Psychedelic Porn Crumpets,"High Visceral, Pt. 2"
Thot Tactics,JPEGMAFIA,All My Heroes Are Cornballs
Boogieman Sam,King Gizzard & The Lizard Wizard,Fishing For Fishies
Old Town Road (feat. RM of BTS) (Seoul Town Road Remix),Lil Nas X,Old Town Road (feat. RM of BTS) [Seoul Town Road Remix]
Face of the Sun,Shana Cleveland,Night of the Worm Moon
YELLOW,Various Artists,Songs during WWII (Kang Ri)
Ministry,Danger Mouse,Lux Prima
I Will (Remastered,The Beatles,The Beatles (Remastered)
Xavi,Snarky Puppy,Immigrance
How To Hold A Choppa,Black Thought,Streams of Thought Vol.2
